Date,AAPL_Close,MSFT_Close
2018-01-02,42.0,90.0
2018-01-03,41.41,88.79
2018-01-04,41.25,88.18
2018-01-05,41.75,89.77
2018-01-08,43.26,92.13
2018-01-09,42.26,90.09
2018-01-10,41.46,88.75
2018-01-11,41.78,88.71
2018-01-12,40.92,86.95
2018-01-15,40.08,85.03
2018-01-16,40.73,85.57
2018-01-17,40.87,86.0
2018-01-18,40.35,84.76
2018-01-19,40.56,84.06
2018-01-22,40.38,83.57
2018-01-23,39.92,82.86
2018-01-24,38.35,80.99
2018-01-25,38.88,82.41
2018-01-26,38.42,81.32
2018-01-29,38.32,82.16
2018-01-30,37.48,80.85
2018-01-31,37.87,82.42
2018-02-01,38.56,84.05
2018-02-02,39.7,87.4
2018-02-05,40.06,88.21
2018-02-06,40.89,90.24
2018-02-07,40.77,90.22
2018-02-08,39.89,88.63
2018-02-09,41.01,90.85
2018-02-12,41.07,90.32
2018-02-13,41.68,89.96
2018-02-14,41.65,90.33
2018-02-15,42.48,92.8
2018-02-16,43.95,95.13
2018-02-19,44.39,95.14
2018-02-20,45.4,96.97
2018-02-21,45.32,95.42
2018-02-22,46.54,97.99
2018-02-23,46.71,97.97
2018-02-26,47.5,99.41
2018-02-27,46.63,97.11
2018-02-28,47.04,97.26
2018-03-01,47.9,97.4
2018-03-02,48.22,96.92
2018-03-05,46.27,94.76
2018-03-06,46.17,95.49
2018-03-07,47.38,96.21
2018-03-08,46.78,95.36
2018-03-09,46.53,95.55
2018-03-12,46.07,94.8
2018-03-13,46.57,95.56
2018-03-14,45.77,95.59
2018-03-15,45.14,93.53
2018-03-16,45.74,95.46
2018-03-19,43.68,93.08
2018-03-20,42.61,90.74
2018-03-21,41.56,89.41
2018-03-22,41.56,91.52
2018-03-23,40.92,91.41
2018-03-26,40.21,90.3
2018-03-27,38.52,86.41
2018-03-28,37.79,86.47
2018-03-29,37.45,86.68
2018-03-30,36.38,84.27
2018-04-02,36.39,84.71
2018-04-03,37.62,87.65
2018-04-04,38.84,89.87
2018-04-05,38.89,90.01
2018-04-06,38.82,89.75
2018-04-09,38.33,87.95
2018-04-10,38.29,87.36
2018-04-11,37.57,86.09
2018-04-12,37.66,85.88
2018-04-13,37.62,84.85
2018-04-16,37.29,84.31
2018-04-17,36.84,83.99
2018-04-18,36.82,82.84
2018-04-19,36.66,82.83
2018-04-20,36.08,82.22
2018-04-23,36.76,83.22
2018-04-24,37.71,85.14
2018-04-25,37.78,85.32
2018-04-26,37.36,84.79
2018-04-27,37.38,84.52
2018-04-30,37.29,84.89
2018-05-01,37.01,84.31
2018-05-02,35.89,82.79
2018-05-03,36.57,83.51
2018-05-04,37.55,85.25
2018-05-07,37.77,86.3
2018-05-08,37.49,86.27
2018-05-09,37.32,85.3
2018-05-10,37.95,86.27
2018-05-11,37.39,85.27
2018-05-14,36.72,84.93
2018-05-15,36.12,83.49
2018-05-16,36.27,83.44
2018-05-17,36.24,83.65
2018-05-18,36.26,84.37
2018-05-21,37.27,87.12
2018-05-22,37.62,87.19
2018-05-23,37.55,86.64
2018-05-24,37.49,86.87
2018-05-25,39.03,89.36
2018-05-28,39.81,90.42
2018-05-29,41.23,92.75
2018-05-30,41.2,92.66
2018-05-31,42.54,93.84
2018-06-01,43.39,95.14
2018-06-04,42.97,95.31
2018-06-05,42.74,95.9
2018-06-06,41.51,93.71
2018-06-07,41.65,94.38
2018-06-08,42.09,94.17
2018-06-11,41.75,93.14
2018-06-12,41.82,94.16
2018-06-13,43.22,97.31
2018-06-14,43.98,99.27
2018-06-15,44.62,98.94
2018-06-18,43.58,96.77
2018-06-19,43.9,98.23
2018-06-20,42.28,96.14
2018-06-21,43.31,98.56
2018-06-22,43.05,97.99
2018-06-25,43.08,98.52
2018-06-26,42.76,98.5
2018-06-27,42.81,98.61
2018-06-28,42.76,96.81
2018-06-29,43.47,98.3
2018-07-02,43.68,98.95
2018-07-03,42.41,98.09
2018-07-04,42.18,98.0
2018-07-05,43.39,99.23
2018-07-06,44.05,101.0
2018-07-09,44.02,100.86
2018-07-10,42.93,99.17
2018-07-11,42.91,100.92
2018-07-12,42.28,101.14
2018-07-13,42.53,102.63
2018-07-16,41.8,101.0
2018-07-17,42.45,101.89
2018-07-18,43.39,105.63
2018-07-19,44.32,107.26
2018-07-20,44.96,108.49
2018-07-23,43.9,106.76
2018-07-24,44.47,109.1
2018-07-25,43.91,108.68
2018-07-26,45.82,111.68
2018-07-27,47.07,114.27
2018-07-30,45.69,111.1
2018-07-31,45.58,111.08
2018-08-01,44.69,111.45
2018-08-02,43.84,111.39
2018-08-03,44.51,113.37
2018-08-06,43.42,110.49
2018-08-07,42.34,107.84
2018-08-08,42.02,106.57
2018-08-09,41.86,105.44
2018-08-10,41.98,105.99
2018-08-13,42.59,106.91
2018-08-14,42.39,105.36
2018-08-15,43.02,105.43
2018-08-16,43.12,105.68
2018-08-17,42.89,105.53
2018-08-20,43.13,106.29
2018-08-21,42.62,105.81
2018-08-22,42.96,104.83
2018-08-23,42.98,105.44
2018-08-24,42.15,102.55
2018-08-27,41.36,100.61
2018-08-28,41.97,100.5
2018-08-29,40.43,97.32
2018-08-30,41.41,100.04
2018-08-31,42.58,103.1
2018-09-03,43.6,105.07
2018-09-04,42.5,103.66
2018-09-05,42.46,103.97
2018-09-06,42.27,103.65
2018-09-07,43.35,105.33
2018-09-10,42.71,106.0
2018-09-11,42.71,104.57
2018-09-12,43.56,106.6
2018-09-13,44.02,106.51
2018-09-14,44.38,107.2
2018-09-17,43.77,106.8
2018-09-18,43.33,107.65
2018-09-19,43.46,108.52
2018-09-20,44.22,109.94
2018-09-21,43.91,109.02
2018-09-24,44.89,111.53
2018-09-25,45.81,112.95
2018-09-26,44.48,111.4
2018-09-27,44.88,113.08
2018-09-28,44.37,111.91
2018-10-01,43.76,110.96
2018-10-02,44.56,113.71
2018-10-03,46.3,117.23
2018-10-04,46.18,117.21
2018-10-05,46.43,119.41
2018-10-08,46.7,119.16
2018-10-09,46.27,118.3
2018-10-10,46.6,116.88
2018-10-11,46.47,116.55
2018-10-12,47.08,119.33
2018-10-15,48.5,122.11
2018-10-16,48.83,123.08
2018-10-17,47.61,119.38
2018-10-18,47.16,116.89
2018-10-19,47.46,115.35
2018-10-22,47.0,116.31
2018-10-23,47.57,118.47
2018-10-24,46.4,115.3
2018-10-25,46.11,113.32
2018-10-26,45.8,113.08
2018-10-29,45.12,112.59
2018-10-30,46.49,116.34
2018-10-31,44.55,113.11
2018-11-01,45.5,113.49
2018-11-02,45.47,113.02
2018-11-05,46.72,115.23
2018-11-06,46.67,115.44
2018-11-07,46.51,114.94
2018-11-08,48.72,118.85
2018-11-09,48.49,118.09
2018-11-12,48.14,119.28
2018-11-13,48.58,121.14
2018-11-14,48.61,122.02
2018-11-15,48.51,122.84
2018-11-16,48.07,122.84
2018-11-19,48.63,122.67
2018-11-20,49.19,123.37
2018-11-21,49.21,123.17
2018-11-22,49.83,123.71
2018-11-23,50.71,127.21
2018-11-26,48.13,122.21
2018-11-27,48.32,122.21
2018-11-28,48.49,122.35
2018-11-29,48.39,121.65
2018-11-30,47.17,119.67
2018-12-03,47.01,121.95
2018-12-04,46.22,121.81
2018-12-05,45.5,119.99
2018-12-06,45.26,118.88
2018-12-07,46.21,120.24
2018-12-10,46.55,120.81
2018-12-11,46.19,120.07
2018-12-12,46.26,120.62
2018-12-13,45.66,118.91
2018-12-14,45.59,118.48
2018-12-17,46.89,120.44
2018-12-18,46.69,121.72
2018-12-19,46.44,121.41
2018-12-20,47.5,122.59
2018-12-21,47.53,122.12
2018-12-24,48.25,122.0
2018-12-25,47.44,121.23
2018-12-26,46.99,123.04
2018-12-27,46.01,119.7
2018-12-28,47.39,122.07
2018-12-31,46.21,117.74
2019-01-01,45.34,115.51
2019-01-02,44.87,116.78
2019-01-03,45.4,117.74
2019-01-04,45.77,119.67
2019-01-07,45.45,120.5
2019-01-08,45.96,121.91
2019-01-09,45.51,122.22
2019-01-10,44.51,120.01
2019-01-11,45.14,121.03
2019-01-14,44.91,121.7
2019-01-15,44.67,121.4
2019-01-16,44.75,120.67
2019-01-17,45.24,121.52
2019-01-18,44.43,119.65
2019-01-21,43.74,117.3
2019-01-22,44.08,118.41
2019-01-23,44.67,121.0
2019-01-24,44.87,119.88
2019-01-25,44.82,120.46
2019-01-28,45.27,121.82
2019-01-29,44.14,119.98
2019-01-30,43.48,120.26
2019-01-31,43.44,120.86
2019-02-01,43.8,120.87
2019-02-04,43.17,118.42
2019-02-05,43.88,119.87
2019-02-06,42.72,118.0
2019-02-07,43.14,118.5
2019-02-08,43.4,118.14
2019-02-11,42.79,115.51
2019-02-12,42.9,115.85
2019-02-13,41.51,112.25
2019-02-14,41.62,111.85
2019-02-15,41.51,110.86
2019-02-18,41.03,109.87
2019-02-19,41.27,109.6
2019-02-20,41.1,108.61
2019-02-21,41.89,110.73
2019-02-22,41.38,109.39
2019-02-25,41.96,109.23
2019-02-26,40.57,106.99
2019-02-27,40.23,105.53
2019-02-28,41.67,109.89
2019-03-01,41.47,109.09
2019-03-04,40.56,105.76
2019-03-05,40.73,105.23
2019-03-06,41.33,107.39
2019-03-07,43.49,110.15
2019-03-08,44.24,110.9
2019-03-11,43.0,110.29
2019-03-12,42.29,107.94
2019-03-13,42.81,108.05
2019-03-14,42.6,107.23
2019-03-15,41.99,105.91
2019-03-18,43.22,108.18
2019-03-19,43.38,109.66
2019-03-20,43.02,108.27
2019-03-21,42.37,107.99
2019-03-22,42.76,108.69
2019-03-25,42.4,107.96
2019-03-26,42.81,111.53
2019-03-27,41.44,109.9
2019-03-28,41.3,110.14
2019-03-29,40.89,109.26
2019-04-01,40.99,109.35
2019-04-02,40.99,109.47
2019-04-03,40.33,107.96
2019-04-04,39.88,108.15
2019-04-05,39.99,110.25
2019-04-08,40.62,111.71
2019-04-09,41.52,117.28
2019-04-10,40.48,115.36
2019-04-11,39.04,111.7
2019-04-12,39.64,113.05
2019-04-15,39.51,113.33
2019-04-16,40.01,113.89
2019-04-17,39.11,112.57
2019-04-18,39.7,114.76
2019-04-19,40.46,118.11
2019-04-22,39.79,117.45
2019-04-23,39.75,115.24
2019-04-24,39.54,112.81
2019-04-25,39.21,113.69
2019-04-26,40.04,114.89
2019-04-29,40.45,116.2
2019-04-30,40.62,114.92
2019-05-01,41.44,114.93
2019-05-02,41.41,116.36
2019-05-03,42.81,120.1
2019-05-06,42.93,119.53
2019-05-07,42.31,117.77
2019-05-08,41.73,116.21
2019-05-09,40.73,114.77
2019-05-10,40.74,115.28
2019-05-13,41.36,116.73
2019-05-14,41.16,115.3
2019-05-15,41.52,115.8
2019-05-16,40.9,113.59
2019-05-17,41.28,113.88
2019-05-20,41.97,114.94
2019-05-21,42.17,114.97
2019-05-22,43.2,118.14
2019-05-23,43.45,118.38
2019-05-24,42.66,116.57
2019-05-27,42.93,119.21
2019-05-28,41.73,115.79
2019-05-29,41.3,113.34
2019-05-30,42.95,114.72
2019-05-31,44.15,119.19
2019-06-03,43.56,119.86
2019-06-04,43.32,118.37
2019-06-05,43.11,120.27
2019-06-06,42.48,118.49
2019-06-07,41.85,117.84
2019-06-10,40.89,114.86
2019-06-11,41.52,115.16
2019-06-12,41.13,115.76
2019-06-13,41.74,119.68
2019-06-14,41.28,119.41
2019-06-17,41.01,118.81
2019-06-18,40.68,117.99
2019-06-19,40.82,118.51
2019-06-20,40.34,117.47
2019-06-21,39.5,116.89
2019-06-24,40.34,118.11
2019-06-25,41.25,120.14
2019-06-26,41.48,121.13
2019-06-27,41.43,121.73
2019-06-28,41.24,122.35
2019-07-01,40.84,121.23
2019-07-02,41.14,121.96
2019-07-03,40.72,121.2
2019-07-04,40.56,119.65
2019-07-05,40.57,119.94
2019-07-08,40.65,121.62
2019-07-09,39.62,118.34
2019-07-10,39.19,118.3
2019-07-11,38.94,116.96
2019-07-12,39.38,116.98
2019-07-15,40.09,120.54
2019-07-16,40.05,121.21
2019-07-17,39.6,119.07
2019-07-18,39.91,120.2
2019-07-19,40.31,120.4
2019-07-22,40.43,120.96
2019-07-23,40.81,122.98
2019-07-24,40.97,123.51
2019-07-25,40.92,123.07
2019-07-26,41.44,123.24
2019-07-29,42.05,124.53
2019-07-30,42.02,126.71
2019-07-31,41.58,125.13
2019-08-01,41.8,123.03
2019-08-02,44.37,130.11
2019-08-05,43.01,125.94
2019-08-06,43.68,128.57
2019-08-07,43.34,128.07
2019-08-08,44.02,130.96
2019-08-09,42.88,129.94
2019-08-12,43.32,131.35
2019-08-13,43.87,131.29
2019-08-14,43.78,132.01
2019-08-15,45.28,135.77
2019-08-16,45.84,137.09
2019-08-19,46.39,135.24
2019-08-20,46.56,135.63
2019-08-21,45.62,132.67
2019-08-22,45.93,133.05
2019-08-23,45.7,131.64
2019-08-26,45.53,132.16
2019-08-27,45.21,131.06
2019-08-28,45.75,131.72
2019-08-29,46.94,133.72
2019-08-30,46.33,133.31
2019-09-02,44.99,129.82
2019-09-03,44.43,129.11
2019-09-04,45.04,130.68
2019-09-05,46.34,133.38
2019-09-06,44.91,128.43
2019-09-09,44.65,127.46
2019-09-10,44.85,126.64
2019-09-11,46.48,131.08
2019-09-12,46.68,132.48
2019-09-13,48.26,135.49
2019-09-16,48.77,138.11
2019-09-17,48.24,138.39
2019-09-18,47.16,135.38
2019-09-19,47.74,137.45
2019-09-20,47.32,136.06
2019-09-23,47.06,134.75
2019-09-24,47.46,137.47
2019-09-25,47.37,137.57
2019-09-26,46.73,138.7
2019-09-27,47.6,141.57
2019-09-30,48.54,140.97
2019-10-01,48.6,140.82
2019-10-02,47.97,140.18
2019-10-03,48.41,142.67
2019-10-04,48.15,141.06
2019-10-07,47.75,139.31
2019-10-08,47.22,139.46
2019-10-09,47.99,141.7
2019-10-10,46.84,138.29
2019-10-11,45.99,134.16
2019-10-14,46.07,133.82
2019-10-15,45.43,131.61
2019-10-16,45.69,131.84
2019-10-17,47.13,132.41
2019-10-18,46.14,129.55
2019-10-21,46.27,130.76
2019-10-22,46.68,131.71
2019-10-23,47.35,132.34
2019-10-24,47.83,133.68
2019-10-25,49.17,135.17
2019-10-28,50.01,138.64
2019-10-29,49.64,137.18
2019-10-30,50.32,138.79
2019-10-31,51.12,141.1
2019-11-01,51.72,141.37
2019-11-04,52.17,141.32
2019-11-05,51.84,141.21
2019-11-06,52.31,141.95
2019-11-07,53.52,144.24
2019-11-08,51.82,139.33
2019-11-11,50.19,135.88
2019-11-12,49.09,135.26
2019-11-13,47.95,132.91
2019-11-14,47.72,132.19
2019-11-15,48.6,134.4
2019-11-18,46.63,131.32
2019-11-19,46.27,129.28
2019-11-20,45.47,126.69
2019-11-21,45.72,128.2
2019-11-22,46.4,131.49
2019-11-25,46.16,131.22
2019-11-26,46.11,130.37
2019-11-27,46.23,130.64
2019-11-28,46.41,132.26
2019-11-29,47.26,132.59
2019-12-02,47.68,134.88
2019-12-03,47.54,135.78
2019-12-04,46.93,133.25
2019-12-05,46.32,131.5
2019-12-06,46.15,131.09
2019-12-09,45.05,127.28
2019-12-10,43.68,123.38
2019-12-11,44.2,125.44
2019-12-12,44.42,124.49
2019-12-13,43.67,123.55
2019-12-16,44.12,123.84
2019-12-17,44.89,125.79
2019-12-18,44.49,124.05
2019-12-19,45.33,125.1
2019-12-20,44.89,123.78
2019-12-23,45.85,125.97
2019-12-24,46.57,126.84
2019-12-25,46.82,126.58
2019-12-26,48.0,129.65
2019-12-27,49.08,131.67
2019-12-30,48.09,130.83
2019-12-31,48.49,131.68
2020-01-01,46.91,129.12
2020-01-02,45.9,126.09
2020-01-03,45.58,127.44
2020-01-06,45.22,125.99
2020-01-07,44.84,126.18
2020-01-08,44.73,125.85
2020-01-09,44.05,122.48
2020-01-10,44.38,122.27
2020-01-13,45.34,124.72
2020-01-14,45.0,123.08
2020-01-15,44.99,122.21
2020-01-16,45.4,122.34
2020-01-17,44.85,119.79
2020-01-20,44.09,117.34
2020-01-21,43.23,117.46
2020-01-22,43.17,119.24
2020-01-23,42.09,117.05
2020-01-24,42.56,117.59
2020-01-27,41.4,114.1
2020-01-28,42.01,115.02
2020-01-29,40.86,111.56
2020-01-30,40.88,111.56
2020-01-31,41.04,110.73
2020-02-03,42.06,112.47
2020-02-04,42.53,114.66
2020-02-05,42.62,114.57
2020-02-06,41.8,113.24
2020-02-07,41.35,112.0
2020-02-10,40.71,110.38
2020-02-11,41.03,111.71
2020-02-12,40.92,112.67
2020-02-13,41.22,112.34
2020-02-14,41.91,114.8
2020-02-17,42.56,115.98
2020-02-18,42.67,114.89
2020-02-19,43.09,115.65
2020-02-20,42.91,115.06
2020-02-21,41.91,112.77
2020-02-24,42.96,115.41
2020-02-25,42.84,114.41
2020-02-26,42.91,116.06
2020-02-27,44.18,119.76
2020-02-28,42.0,117.87
2020-03-02,41.51,114.28
2020-03-03,42.04,116.56
2020-03-04,41.72,114.76
2020-03-05,42.14,116.17
2020-03-06,42.63,117.17
2020-03-09,44.09,121.32
2020-03-10,45.36,124.12
2020-03-11,44.13,120.78
2020-03-12,45.02,122.75
2020-03-13,45.85,123.82
2020-03-16,45.59,122.08
2020-03-17,45.88,123.09
2020-03-18,46.92,128.43
2020-03-19,46.23,127.19
2020-03-20,46.36,127.67
2020-03-23,46.17,128.75
2020-03-24,47.03,132.42
2020-03-25,46.67,131.9
2020-03-26,47.71,133.04
2020-03-27,46.97,130.67
2020-03-30,48.35,132.36
2020-03-31,48.77,133.83
2020-04-01,48.95,134.32
2020-04-02,49.33,135.51
2020-04-03,50.22,135.82
2020-04-06,49.98,133.68
2020-04-07,49.87,135.75
2020-04-08,49.63,136.1
2020-04-09,49.85,136.64
2020-04-10,50.38,137.51
2020-04-13,49.39,133.86
2020-04-14,48.82,132.36
2020-04-15,48.2,132.49
2020-04-16,49.54,135.3
2020-04-17,50.58,135.85
2020-04-20,50.66,135.87
2020-04-21,49.39,131.67
2020-04-22,50.99,132.41
2020-04-23,50.21,133.06
2020-04-24,51.08,133.15
2020-04-27,51.22,134.99
2020-04-28,51.02,133.89
2020-04-29,51.82,135.14
2020-04-30,52.05,135.95
2020-05-01,52.59,136.23
2020-05-04,50.97,134.43
2020-05-05,50.46,135.26
2020-05-06,50.91,137.06
2020-05-07,51.58,139.36
2020-05-08,52.22,139.8
2020-05-11,53.0,139.67
2020-05-12,52.59,140.36
2020-05-13,52.35,139.17
2020-05-14,52.18,139.12
2020-05-15,52.91,140.98
2020-05-18,52.67,139.76
2020-05-19,52.09,141.53
2020-05-20,51.55,141.16
2020-05-21,51.12,140.7
2020-05-22,49.17,135.19
2020-05-25,48.22,132.19
2020-05-26,46.5,128.49
2020-05-27,46.11,126.57
2020-05-28,46.28,127.95
2020-05-29,46.56,129.37
2020-06-01,46.62,129.73
2020-06-02,46.01,129.33
2020-06-03,45.24,127.49
2020-06-04,45.01,128.28
2020-06-05,44.15,127.92
2020-06-08,43.8,127.15
2020-06-09,44.85,131.25
2020-06-10,45.27,131.05
2020-06-11,45.43,130.26
2020-06-12,45.0,128.0
2020-06-15,44.97,128.69
2020-06-16,44.52,127.5
2020-06-17,44.37,126.47
2020-06-18,43.98,125.65
2020-06-19,43.66,125.9
2020-06-22,42.63,124.91
2020-06-23,43.4,127.5
2020-06-24,44.06,129.09
2020-06-25,42.66,126.55
2020-06-26,43.47,130.1
2020-06-29,43.75,129.09
2020-06-30,43.39,127.63
2020-07-01,43.86,128.06
2020-07-02,43.32,126.97
2020-07-03,44.61,129.2
2020-07-06,43.28,126.95
2020-07-07,44.25,128.68
2020-07-08,44.31,129.1
2020-07-09,43.61,127.43
2020-07-10,42.86,124.93
2020-07-13,43.74,127.33
2020-07-14,44.61,129.02
2020-07-15,44.25,129.95
2020-07-16,44.94,132.07
2020-07-17,45.0,130.77
2020-07-20,44.74,130.0
2020-07-21,45.91,133.52
2020-07-22,45.9,132.8
2020-07-23,45.37,133.39
2020-07-24,44.76,132.37
2020-07-27,46.1,137.03
2020-07-28,46.01,136.47
2020-07-29,45.15,135.0
2020-07-30,42.75,128.28
2020-07-31,43.41,132.22
2020-08-03,43.74,131.0
2020-08-04,42.55,126.55
2020-08-05,43.09,128.47
2020-08-06,42.74,128.29
2020-08-07,43.95,130.53
2020-08-10,44.5,130.2
2020-08-11,44.49,131.91
2020-08-12,44.31,132.4
2020-08-13,42.83,129.4
2020-08-14,42.74,128.51
2020-08-17,43.37,129.04
2020-08-18,44.41,131.52
2020-08-19,44.7,131.02
2020-08-20,45.34,131.97
2020-08-21,45.17,133.07
2020-08-24,45.21,131.48
2020-08-25,45.88,130.89
2020-08-26,46.06,130.91
2020-08-27,45.35,129.95
2020-08-28,45.54,130.92
2020-08-31,47.47,134.38
2020-09-01,46.05,131.01
2020-09-02,46.47,131.29
2020-09-03,46.45,131.63
2020-09-04,46.08,131.17
2020-09-07,46.97,134.12
2020-09-08,47.84,137.83
2020-09-09,49.56,142.57
2020-09-10,48.98,141.22
2020-09-11,48.88,140.93
2020-09-14,49.25,141.03
2020-09-15,49.61,141.61
2020-09-16,50.58,140.98
2020-09-17,50.02,140.87
2020-09-18,50.86,141.05
2020-09-21,51.41,143.02
2020-09-22,53.02,146.41
2020-09-23,52.89,146.75
2020-09-24,54.17,150.28
2020-09-25,54.17,151.61
2020-09-28,56.18,156.32
2020-09-29,56.43,156.29
2020-09-30,57.68,159.13
2020-10-01,58.27,159.27
2020-10-02,56.68,156.4
2020-10-05,56.09,154.91
2020-10-06,57.41,155.01
2020-10-07,58.09,153.85
2020-10-08,56.88,149.85
2020-10-09,57.25,150.95
2020-10-12,56.58,147.66
2020-10-13,55.58,144.75
2020-10-14,55.88,144.23
2020-10-15,55.83,143.38
2020-10-16,56.99,145.42
2020-10-19,57.17,147.04
2020-10-20,58.24,148.05
2020-10-21,60.04,151.53
2020-10-22,59.76,151.05
2020-10-23,60.1,153.37
2020-10-26,60.06,153.76
2020-10-27,60.37,156.12
2020-10-28,59.81,153.68
2020-10-29,59.68,154.51
2020-10-30,59.0,151.74
2020-11-02,62.11,158.49
2020-11-03,62.33,160.14
2020-11-04,62.93,161.32
2020-11-05,64.44,162.34
2020-11-06,63.52,160.84
2020-11-09,63.86,162.79
2020-11-10,62.38,159.92
2020-11-11,60.59,157.19
2020-11-12,60.82,160.03
2020-11-13,61.83,162.45
2020-11-16,62.96,162.0
2020-11-17,63.73,163.9
2020-11-18,64.14,163.84
2020-11-19,64.08,164.51
2020-11-20,64.93,163.12
2020-11-23,63.81,162.92
2020-11-24,62.4,159.53
2020-11-25,61.22,158.57
2020-11-26,60.0,156.17
2020-11-27,61.68,158.21
2020-11-30,60.33,156.33
2020-12-01,61.96,159.88
2020-12-02,61.44,158.88
2020-12-03,61.61,159.6
2020-12-04,62.2,160.29
2020-12-07,60.78,155.69
2020-12-08,59.98,154.83
2020-12-09,60.27,156.21
2020-12-10,58.09,152.49
2020-12-11,57.96,154.74
2020-12-14,57.61,153.68
2020-12-15,57.37,150.73
2020-12-16,56.98,149.39
2020-12-17,56.11,146.44
2020-12-18,54.9,142.78
2020-12-21,54.15,141.19
2020-12-22,52.72,137.47
2020-12-23,52.26,135.7
2020-12-24,50.98,133.13
2020-12-25,51.71,134.91
2020-12-28,52.64,137.87
2020-12-29,52.37,136.22
2020-12-30,54.23,140.98
2020-12-31,55.75,144.37
2021-01-01,54.18,140.08
2021-01-04,53.72,140.98
2021-01-05,54.33,143.13
2021-01-06,52.51,137.88
2021-01-07,52.6,136.28
2021-01-08,53.13,138.18
2021-01-11,51.98,136.04
2021-01-12,51.01,134.53
2021-01-13,52.64,137.8
2021-01-14,52.7,136.83
2021-01-15,52.74,135.68
2021-01-18,51.82,133.18
2021-01-19,50.99,131.8
2021-01-20,52.47,135.12
2021-01-21,52.47,136.35
2021-01-22,51.23,137.03
2021-01-25,50.29,135.15
2021-01-26,50.64,135.87
2021-01-27,50.56,136.12
2021-01-28,48.99,131.17
2021-01-29,49.31,131.21
2021-02-01,49.66,132.42
2021-02-02,48.31,129.66
2021-02-03,49.4,132.04
2021-02-04,50.29,134.18
2021-02-05,49.32,133.13
2021-02-08,49.56,133.01
2021-02-09,49.53,134.23
2021-02-10,48.89,134.41
2021-02-11,48.72,135.72
2021-02-12,49.18,138.27
2021-02-15,49.74,138.09
2021-02-16,49.69,137.64
2021-02-17,48.78,134.58
2021-02-18,48.72,134.71
2021-02-19,48.41,135.07
2021-02-22,47.66,135.4
2021-02-23,46.98,134.89
2021-02-24,47.65,137.57
2021-02-25,48.43,139.12
2021-02-26,48.17,137.49
2021-03-01,48.21,138.9
2021-03-02,48.15,139.72
2021-03-03,46.86,136.05
2021-03-04,47.72,137.9
2021-03-05,49.29,143.92
2021-03-08,49.35,143.95
2021-03-09,48.74,143.51
2021-03-10,48.2,140.75
2021-03-11,48.16,141.68
2021-03-12,47.65,141.75
2021-03-15,47.64,143.26
2021-03-16,47.17,141.6
2021-03-17,48.02,143.23
2021-03-18,46.86,141.74
2021-03-19,45.73,139.64
2021-03-22,47.04,144.82
2021-03-23,46.75,142.85
2021-03-24,47.21,143.09
2021-03-25,46.99,142.82
2021-03-26,46.48,141.18
2021-03-29,45.96,140.0
2021-03-30,47.75,143.88
2021-03-31,48.98,145.36
2021-04-01,48.81,144.02
2021-04-02,48.44,144.21
2021-04-05,48.45,143.2
2021-04-06,48.97,144.9
2021-04-07,47.45,141.59
2021-04-08,46.57,139.91
2021-04-09,45.6,136.88
2021-04-12,45.39,136.19
2021-04-13,44.24,134.04
2021-04-14,43.85,132.82
2021-04-15,43.39,132.61
2021-04-16,42.9,132.46
2021-04-19,44.19,137.61
2021-04-20,43.34,135.39
2021-04-21,44.16,137.11
2021-04-22,43.72,137.28
2021-04-23,43.06,137.57
2021-04-26,42.18,136.65
2021-04-27,41.46,134.05
2021-04-28,40.68,132.31
2021-04-29,40.83,133.59
2021-04-30,41.81,137.0
2021-05-03,42.78,138.9
2021-05-04,42.68,139.31
2021-05-05,42.95,139.64
2021-05-06,43.99,143.94
2021-05-07,44.72,144.47
2021-05-10,44.19,144.02
2021-05-11,44.17,145.32
2021-05-12,44.86,145.77
2021-05-13,45.05,147.11
2021-05-14,44.77,147.4
2021-05-17,45.5,148.06
2021-05-18,45.71,151.35
2021-05-19,45.03,150.51
2021-05-20,45.32,150.64
2021-05-21,44.61,149.68
2021-05-24,44.08,146.93
2021-05-25,43.23,143.6
2021-05-26,43.54,144.19
2021-05-27,45.08,148.58
2021-05-28,44.49,146.94
2021-05-31,44.95,148.49
2021-06-01,44.78,148.39
2021-06-02,44.05,147.84
2021-06-03,44.38,148.48
2021-06-04,44.64,148.18
2021-06-07,43.61,147.4
2021-06-08,44.13,149.0
2021-06-09,43.81,149.27
2021-06-10,42.11,143.51
2021-06-11,41.97,144.75
2021-06-14,41.4,142.74
2021-06-15,40.34,140.09
2021-06-16,41.1,143.3
2021-06-17,41.59,145.15
2021-06-18,41.73,144.37
2021-06-21,42.33,147.01
2021-06-22,42.14,145.79
2021-06-23,41.95,144.11
2021-06-24,41.39,145.24
2021-06-25,41.26,145.49
2021-06-28,42.1,148.23
2021-06-29,41.54,145.22
2021-06-30,42.66,151.01
2021-07-01,42.65,154.34
2021-07-02,42.07,152.2
2021-07-05,42.24,150.82
2021-07-06,42.1,152.21
2021-07-07,41.43,150.27
2021-07-08,41.87,150.64
2021-07-09,42.47,152.09
2021-07-12,41.44,149.98
2021-07-13,41.43,150.75
2021-07-14,42.96,155.15
2021-07-15,43.5,158.86
2021-07-16,43.78,160.6
2021-07-19,45.16,165.29
2021-07-20,44.48,163.93
2021-07-21,45.36,166.26
2021-07-22,46.47,168.44
2021-07-23,46.28,168.53
2021-07-26,46.44,168.71
2021-07-27,46.38,167.8
2021-07-28,46.47,169.49
2021-07-29,44.74,167.4
2021-07-30,42.78,160.24
2021-08-02,41.95,159.17
2021-08-03,41.66,157.8
2021-08-04,42.11,161.01
2021-08-05,41.24,158.6
2021-08-06,41.25,160.67
2021-08-09,42.51,165.58
2021-08-10,43.41,167.36
2021-08-11,44.05,172.6
2021-08-12,44.87,176.17
2021-08-13,47.15,179.73
2021-08-16,46.83,178.86
2021-08-17,48.31,181.47
2021-08-18,48.63,182.99
2021-08-19,48.37,183.33
2021-08-20,49.39,189.44
2021-08-23,49.81,191.44
2021-08-24,48.42,185.32
2021-08-25,47.33,181.42
2021-08-26,45.84,177.45
2021-08-27,44.39,173.18
2021-08-30,43.53,170.09
2021-08-31,44.68,173.34
2021-09-01,44.66,173.19
2021-09-02,44.87,174.21
2021-09-03,43.72,170.59
2021-09-06,44.19,172.35
2021-09-07,44.6,174.95
2021-09-08,44.53,171.17
2021-09-09,46.04,174.35
2021-09-10,45.3,171.43
2021-09-13,45.5,170.22
2021-09-14,46.21,171.99
2021-09-15,45.91,169.39
2021-09-16,44.67,164.63
2021-09-17,43.06,160.81
2021-09-20,43.72,162.5
2021-09-21,43.51,162.19
2021-09-22,44.23,162.95
2021-09-23,43.25,159.85
2021-09-24,42.86,158.61
2021-09-27,44.23,161.67
2021-09-28,44.29,163.58
2021-09-29,44.41,164.48
2021-09-30,46.27,171.29
2021-10-01,46.71,171.83
2021-10-04,45.62,169.59
2021-10-05,45.93,169.26
2021-10-06,45.0,168.93
2021-10-07,46.84,177.38
2021-10-08,47.2,176.62
2021-10-11,49.24,184.97
2021-10-12,49.93,187.94
2021-10-13,48.03,183.38
2021-10-14,49.31,187.24
2021-10-15,49.8,188.26
2021-10-18,50.95,190.13
2021-10-19,49.75,184.4
2021-10-20,50.38,186.43
2021-10-21,51.31,188.64
2021-10-22,52.74,189.65
2021-10-25,52.35,186.85
2021-10-26,51.36,182.87
2021-10-27,52.85,183.77
2021-10-28,53.47,185.88
2021-10-29,53.91,187.85
2021-11-01,53.78,190.1
2021-11-02,54.44,190.9
2021-11-03,55.12,196.14
2021-11-04,55.02,195.32
2021-11-05,53.29,191.4
2021-11-08,52.51,192.31
2021-11-09,52.28,191.26
2021-11-10,51.98,191.3
2021-11-11,51.67,188.82
2021-11-12,52.09,189.59
2021-11-15,52.9,193.25
2021-11-16,51.66,188.36
2021-11-17,51.15,183.88
2021-11-18,50.86,185.59
2021-11-19,50.79,186.02
2021-11-22,50.29,185.53
2021-11-23,51.78,187.57
2021-11-24,52.54,189.39
2021-11-25,51.91,185.04
2021-11-26,51.36,185.15
2021-11-29,50.67,184.37
2021-11-30,50.19,182.85
2021-12-01,49.46,181.58
2021-12-02,48.84,179.19
2021-12-03,48.93,179.79
2021-12-06,48.46,178.44
2021-12-07,47.78,177.41
2021-12-08,48.37,181.11
2021-12-09,49.33,184.23
2021-12-10,50.07,186.13
2021-12-13,50.82,189.77
2021-12-14,49.69,189.93
2021-12-15,50.09,193.76
2021-12-16,49.12,189.16
2021-12-17,49.27,190.38
2021-12-20,48.47,185.86
2021-12-21,48.04,189.67
2021-12-22,49.97,194.72
2021-12-23,50.61,195.44
2021-12-24,50.14,193.16
2021-12-27,50.1,193.5
2021-12-28,49.35,189.68
2021-12-29,50.01,193.14
2021-12-30,50.46,197.39
2021-12-31,50.03,196.8
2022-01-03,49.77,194.83
2022-01-04,49.82,196.42
2022-01-05,50.03,198.08
2022-01-06,50.01,197.92
2022-01-07,49.43,196.54
2022-01-10,48.98,198.15
2022-01-11,48.97,199.43
2022-01-12,48.84,196.9
2022-01-13,49.28,200.51
2022-01-14,51.6,204.26
2022-01-17,52.65,209.55
2022-01-18,52.63,212.49
2022-01-19,55.18,224.01
2022-01-20,54.79,221.42
2022-01-21,53.87,215.0
2022-01-24,53.47,213.04
2022-01-25,53.72,212.45
2022-01-26,52.8,204.33
2022-01-27,51.2,199.07
2022-01-28,51.35,199.33
2022-01-31,49.55,195.19
2022-02-01,47.33,188.76
2022-02-02,47.48,186.74
2022-02-03,48.63,192.5
2022-02-04,48.61,194.05
2022-02-07,48.34,192.01
2022-02-08,49.43,192.2
2022-02-09,49.56,194.66
2022-02-10,49.53,194.45
2022-02-11,48.19,191.77
2022-02-14,50.17,197.1
2022-02-15,49.34,195.92
2022-02-16,48.15,192.78
2022-02-17,46.72,187.67
2022-02-18,46.45,187.66
2022-02-21,45.7,185.36
2022-02-22,46.02,186.99
2022-02-23,45.79,185.7
2022-02-24,46.81,188.8
2022-02-25,46.2,187.24
2022-02-28,46.86,191.92
2022-03-01,47.66,194.96
2022-03-02,48.95,197.41
2022-03-03,49.64,198.48
2022-03-04,49.7,199.01
2022-03-07,50.26,201.36
2022-03-08,51.12,204.01
2022-03-09,50.12,199.26
2022-03-10,50.9,204.23
2022-03-11,51.63,205.96
2022-03-14,49.79,200.86
2022-03-15,49.61,196.68
2022-03-16,49.13,195.5
2022-03-17,49.65,198.49
2022-03-18,51.14,206.26
2022-03-21,50.62,204.58
2022-03-22,49.15,202.21
2022-03-23,49.52,200.29
2022-03-24,49.06,195.93
2022-03-25,49.42,195.45
2022-03-28,50.39,196.88
2022-03-29,51.33,200.34
2022-03-30,50.41,197.43
2022-03-31,49.8,194.77
2022-04-01,49.39,195.32
2022-04-04,48.66,192.52
2022-04-05,50.02,195.3
2022-04-06,50.66,196.46
2022-04-07,51.23,198.63
2022-04-08,50.36,195.63
2022-04-11,50.94,196.46
2022-04-12,49.84,189.08
2022-04-13,50.2,189.22
2022-04-14,50.27,189.11
2022-04-15,49.52,188.29
2022-04-18,50.85,191.7
2022-04-19,49.38,186.7
2022-04-20,49.37,184.92
2022-04-21,50.8,189.03
2022-04-22,50.98,189.67
2022-04-25,48.32,179.35
2022-04-26,48.02,180.28
2022-04-27,48.17,179.86
2022-04-28,48.81,181.92
2022-04-29,50.8,186.15
2022-05-02,52.13,190.65
2022-05-03,51.9,190.87
2022-05-04,53.39,194.7
2022-05-05,54.0,193.85
2022-05-06,53.33,191.81
2022-05-09,54.2,195.37
2022-05-10,53.7,194.44
2022-05-11,52.46,193.12
2022-05-12,50.54,188.0
2022-05-13,49.23,184.31
2022-05-16,48.91,180.99
2022-05-17,48.46,178.63
2022-05-18,48.58,181.26
2022-05-19,48.93,182.59
2022-05-20,48.3,181.76
2022-05-23,47.69,183.01
2022-05-24,48.04,183.47
2022-05-25,48.61,184.06
2022-05-26,49.4,186.55
2022-05-27,50.56,190.07
2022-05-30,50.95,190.8
2022-05-31,50.83,191.09
2022-06-01,50.2,189.16
2022-06-02,51.7,193.94
2022-06-03,51.95,196.16
2022-06-06,52.27,199.7
2022-06-07,53.41,204.23
2022-06-08,53.19,202.04
2022-06-09,52.39,197.79
2022-06-10,51.2,192.91
2022-06-13,51.38,191.45
2022-06-14,51.64,191.97
2022-06-15,51.07,190.97
2022-06-16,50.75,189.02
2022-06-17,51.57,190.39
2022-06-20,51.42,191.74
2022-06-21,50.85,188.18
2022-06-22,51.8,190.98
2022-06-23,51.42,188.74
2022-06-24,51.93,186.6
2022-06-27,50.26,182.27
2022-06-28,48.68,177.92
2022-06-29,48.22,176.81
2022-06-30,49.12,176.16
2022-07-01,49.43,176.38
2022-07-04,49.46,174.4
2022-07-05,49.19,173.83
2022-07-06,49.72,178.53
2022-07-07,49.05,174.91
2022-07-08,49.21,173.36
2022-07-11,48.82,173.22
2022-07-12,48.97,173.26
2022-07-13,49.65,174.03
2022-07-14,50.47,175.7
2022-07-15,50.98,178.67
2022-07-18,50.92,178.39
2022-07-19,50.84,178.48
2022-07-20,50.37,176.92
2022-07-21,50.68,176.82
2022-07-22,51.16,179.64
2022-07-25,50.13,174.13
2022-07-26,50.23,176.17
2022-07-27,51.22,180.18
2022-07-28,52.04,181.48
2022-07-29,51.23,179.68
2022-08-01,50.39,175.55
2022-08-02,50.84,176.35
2022-08-03,51.26,177.32
2022-08-04,51.94,177.28
2022-08-05,51.45,176.91
2022-08-08,51.73,176.74
2022-08-09,51.18,175.68
2022-08-10,51.59,177.72
2022-08-11,52.53,178.28
2022-08-12,52.76,179.24
2022-08-15,52.46,179.49
2022-08-16,51.66,177.84
2022-08-17,53.63,183.69
2022-08-18,52.77,181.01
2022-08-19,52.5,180.88
2022-08-22,51.21,175.35
2022-08-23,51.24,174.56
2022-08-24,50.52,174.54
2022-08-25,50.49,174.43
2022-08-26,50.24,174.61
2022-08-29,50.29,174.62
2022-08-30,51.77,180.67
2022-08-31,52.38,180.01
2022-09-01,52.89,182.2
2022-09-02,54.15,187.07
2022-09-05,53.18,183.69
2022-09-06,52.94,183.74
2022-09-07,53.19,182.92
2022-09-08,53.5,184.65
2022-09-09,53.78,185.77
2022-09-12,54.9,187.28
2022-09-13,55.08,187.19
2022-09-14,53.82,183.9
2022-09-15,52.78,180.56
2022-09-16,53.82,186.19
2022-09-19,55.73,191.86
2022-09-20,55.67,190.93
2022-09-21,54.73,186.03
2022-09-22,54.04,185.76
2022-09-23,53.18,182.47
2022-09-26,54.67,189.03
2022-09-27,55.29,191.32
2022-09-28,55.9,193.66
2022-09-29,53.57,184.27
2022-09-30,52.91,181.09
2022-10-03,52.95,181.67
2022-10-04,54.41,184.46
2022-10-05,53.15,182.15
2022-10-06,51.4,177.01
2022-10-07,51.21,174.67
2022-10-10,51.51,178.24
2022-10-11,52.71,181.19
2022-10-12,52.75,181.25
2022-10-13,53.72,184.27
2022-10-14,53.95,185.89
2022-10-17,53.08,184.62
2022-10-18,54.71,187.77
2022-10-19,55.48,188.58
2022-10-20,54.56,185.32
2022-10-21,54.4,184.69
2022-10-24,53.93,182.06
2022-10-25,53.97,182.1
2022-10-26,54.7,186.78
2022-10-27,55.8,189.15
2022-10-28,57.06,192.35
2022-10-31,56.23,191.29
2022-11-01,58.35,198.24
2022-11-02,58.04,195.52
2022-11-03,59.85,201.29
2022-11-04,58.64,198.78
2022-11-07,58.93,202.06
2022-11-08,61.5,208.78
2022-11-09,60.06,201.66
2022-11-10,61.07,203.46
2022-11-11,59.58,199.31
2022-11-14,58.44,194.67
2022-11-15,60.54,201.13
2022-11-16,59.98,200.44
2022-11-17,59.06,197.07
2022-11-18,58.55,195.37
2022-11-21,57.38,190.77
2022-11-22,58.98,194.79
2022-11-23,58.65,192.05
2022-11-24,59.14,193.14
2022-11-25,60.86,197.38
2022-11-28,59.25,191.95
2022-11-29,58.4,189.77
2022-11-30,58.79,188.14
2022-12-01,59.51,189.05
2022-12-02,58.19,185.31
2022-12-05,58.19,183.82
2022-12-06,57.5,181.43
2022-12-07,57.79,182.75
2022-12-08,57.15,179.43
2022-12-09,58.0,182.82
2022-12-12,58.92,184.5
2022-12-13,58.24,184.49
2022-12-14,58.19,185.71
2022-12-15,57.08,182.81
2022-12-16,54.85,177.28
2022-12-19,53.42,175.22
2022-12-20,51.94,172.06
2022-12-21,52.55,172.37
2022-12-22,52.74,170.43
2022-12-23,53.29,170.51
2022-12-26,52.25,168.36
2022-12-27,52.8,169.48
2022-12-28,52.2,166.34
2022-12-29,51.44,163.06
2022-12-30,50.73,159.23
2023-01-02,51.36,161.0
2023-01-03,52.02,163.88
2023-01-04,52.82,165.97
2023-01-05,51.58,164.77
2023-01-06,50.56,162.4
2023-01-09,51.31,163.93
2023-01-10,49.79,159.88
2023-01-11,50.32,160.72
2023-01-12,51.71,164.12
2023-01-13,51.92,163.6
2023-01-16,50.94,163.64
2023-01-17,50.83,162.45
2023-01-18,51.52,161.52
2023-01-19,49.89,157.93
2023-01-20,49.57,156.07
2023-01-23,50.58,157.13
2023-01-24,51.28,156.17
2023-01-25,50.51,155.29
2023-01-26,49.69,151.81
2023-01-27,49.74,154.5
2023-01-30,50.65,155.78
2023-01-31,51.93,158.19
2023-02-01,52.18,159.71
2023-02-02,52.41,160.82
2023-02-03,52.25,161.08
2023-02-06,52.65,161.63
2023-02-07,52.38,161.09
2023-02-08,53.57,164.47
2023-02-09,52.56,159.36
2023-02-10,51.55,155.96
2023-02-13,50.71,153.78
2023-02-14,50.05,151.96
2023-02-15,50.32,150.37
2023-02-16,50.57,151.08
2023-02-17,49.64,148.63
2023-02-20,49.82,150.11
2023-02-21,50.07,151.84
2023-02-22,50.64,152.82
2023-02-23,50.06,151.15
2023-02-24,50.54,153.42
2023-02-27,49.92,150.52
2023-02-28,49.74,151.67
2023-03-01,50.81,154.14
2023-03-02,50.48,152.6
2023-03-03,50.25,151.82
2023-03-06,52.93,157.76
2023-03-07,51.2,153.76
2023-03-08,51.49,155.22
2023-03-09,51.96,155.45
2023-03-10,54.27,160.98
2023-03-13,53.03,156.38
2023-03-14,52.97,152.53
2023-03-15,52.56,151.19
2023-03-16,52.09,152.25
2023-03-17,52.55,153.55
2023-03-20,52.72,154.65
2023-03-21,52.77,152.9
2023-03-22,51.77,152.6
2023-03-23,52.0,155.36
2023-03-24,51.85,154.54
2023-03-27,52.64,157.68
2023-03-28,53.0,158.82
2023-03-29,52.14,157.71
2023-03-30,52.68,157.38
2023-03-31,51.75,154.54
2023-04-03,51.51,154.82
2023-04-04,54.53,160.89
2023-04-05,54.51,158.41
2023-04-06,55.0,160.02
2023-04-07,53.48,155.62
2023-04-10,54.18,157.51
2023-04-11,53.29,156.53
2023-04-12,52.6,156.84
2023-04-13,52.02,155.08
2023-04-14,50.41,151.14
2023-04-17,49.9,148.14
2023-04-18,49.17,147.4
2023-04-19,48.63,147.35
2023-04-20,49.6,150.62
2023-04-21,50.99,152.42
2023-04-24,51.72,156.03
2023-04-25,52.33,155.86
2023-04-26,51.12,154.79
2023-04-27,51.67,156.64
2023-04-28,52.54,158.99
2023-05-01,53.32,161.38
2023-05-02,54.51,163.18
2023-05-03,55.42,165.66
2023-05-04,57.77,171.89
2023-05-05,58.32,175.07
2023-05-08,58.15,176.15
2023-05-09,57.24,174.17
2023-05-10,56.5,171.11
2023-05-11,57.27,171.41
2023-05-12,57.88,171.95
2023-05-15,58.64,173.41
2023-05-16,59.33,175.48
2023-05-17,60.36,176.6
2023-05-18,59.2,171.8
2023-05-19,58.29,170.34
2023-05-22,60.96,175.56
2023-05-23,59.51,171.01
2023-05-24,61.09,177.22
2023-05-25,61.16,174.06
2023-05-26,59.26,169.57
2023-05-29,59.1,169.48
2023-05-30,58.73,167.43
2023-05-31,58.32,167.08
2023-06-01,56.99,162.12
2023-06-02,56.03,160.5
2023-06-05,58.4,166.44
2023-06-06,58.3,167.05
2023-06-07,59.25,169.36
2023-06-08,59.03,171.04
2023-06-09,58.38,171.16
2023-06-12,57.75,173.15
2023-06-13,58.01,173.1
2023-06-14,57.91,175.08
2023-06-15,57.38,171.17
2023-06-16,58.39,175.32
2023-06-19,58.85,176.23
2023-06-20,59.23,178.41
2023-06-21,59.23,176.87
2023-06-22,59.18,173.68
2023-06-23,60.09,178.41
2023-06-26,60.39,178.73
2023-06-27,60.24,178.29
2023-06-28,61.05,180.47
2023-06-29,62.51,185.14
2023-06-30,60.38,180.88
2023-07-03,61.31,184.22
2023-07-04,61.45,185.46
2023-07-05,62.61,191.32
2023-07-06,62.92,193.03
2023-07-07,62.66,193.85
2023-07-10,61.99,193.46
2023-07-11,62.97,196.97
2023-07-12,62.68,196.44
2023-07-13,63.88,196.25
2023-07-14,66.53,201.38
2023-07-17,66.53,200.55
2023-07-18,66.29,197.75
2023-07-19,63.51,191.58
2023-07-20,64.51,191.39
2023-07-21,63.98,193.18
2023-07-24,64.99,194.11
2023-07-25,65.3,192.66
2023-07-26,63.84,187.58
2023-07-27,65.69,190.65
2023-07-28,66.49,193.9
2023-07-31,66.29,191.04
2023-08-01,66.7,190.29
2023-08-02,67.2,193.31
2023-08-03,66.66,192.69
2023-08-04,67.61,194.21
2023-08-07,66.55,192.61
2023-08-08,66.67,190.08
2023-08-09,68.75,195.99
2023-08-10,70.4,198.01
2023-08-11,68.92,194.03
2023-08-14,67.08,190.29
2023-08-15,67.45,192.76
2023-08-16,66.54,191.54
2023-08-17,65.42,188.46
2023-08-18,64.58,186.1
2023-08-21,65.63,191.49
2023-08-22,65.22,190.19
2023-08-23,63.33,186.04
2023-08-24,64.53,188.48
2023-08-25,65.15,191.69
2023-08-28,65.69,196.44
2023-08-29,67.41,201.63
2023-08-30,67.47,202.44
2023-08-31,66.32,202.12
2023-09-01,65.56,201.65
2023-09-04,66.59,203.61
2023-09-05,67.94,205.76
2023-09-06,65.99,201.92
2023-09-07,63.82,197.54
2023-09-08,63.29,194.45
2023-09-11,63.02,194.4
2023-09-12,63.48,194.63
2023-09-13,63.35,195.2
2023-09-14,63.4,195.5
2023-09-15,61.07,189.31
2023-09-18,60.94,190.76
2023-09-19,59.88,187.94
2023-09-20,60.29,189.06
2023-09-21,61.07,189.14
2023-09-22,60.49,186.0
2023-09-25,62.83,190.48
2023-09-26,61.02,185.72
2023-09-27,62.48,189.76
2023-09-28,62.86,188.6
2023-09-29,59.64,179.99
2023-10-02,62.03,185.41
2023-10-03,63.01,188.01
2023-10-04,62.63,188.19
2023-10-05,63.09,185.2
2023-10-06,61.72,181.73
2023-10-09,61.93,183.81
2023-10-10,61.86,184.27
2023-10-11,62.13,182.09
2023-10-12,62.82,184.53
2023-10-13,64.09,187.19
2023-10-16,63.08,186.58
2023-10-17,64.14,186.19
2023-10-18,63.11,183.6
2023-10-19,62.11,182.12
2023-10-20,61.49,180.54
2023-10-23,62.44,182.73
2023-10-24,62.73,182.57
2023-10-25,61.53,177.31
2023-10-26,60.31,173.48
2023-10-27,60.45,171.17
2023-10-30,60.33,170.49
2023-10-31,59.27,167.17
2023-11-01,59.36,166.89
2023-11-02,61.01,171.07
2023-11-03,62.93,176.68
2023-11-06,63.63,179.17
2023-11-07,64.15,179.19
2023-11-08,66.83,184.4
2023-11-09,67.68,186.06
2023-11-10,67.79,184.61
2023-11-13,68.04,183.87
2023-11-14,67.8,184.05
2023-11-15,67.24,179.18
2023-11-16,68.05,178.09
2023-11-17,66.16,171.57
2023-11-20,68.67,176.26
2023-11-21,69.4,178.72
2023-11-22,69.66,177.14
2023-11-23,68.49,174.62
2023-11-24,68.58,174.96
2023-11-27,67.92,171.46
2023-11-28,69.72,174.88
2023-11-29,69.73,175.3
2023-11-30,68.31,172.81
2023-12-01,66.76,168.34
2023-12-04,65.6,167.73
2023-12-05,67.97,172.36
2023-12-06,68.83,174.41
2023-12-07,68.78,175.13
2023-12-08,71.38,181.04
2023-12-11,73.43,189.12
2023-12-12,75.2,194.38
2023-12-13,75.51,196.55
2023-12-14,75.71,199.2
2023-12-15,76.99,201.76
2023-12-18,78.7,202.8
2023-12-19,78.04,203.98
2023-12-20,76.76,200.23
2023-12-21,78.16,204.14
2023-12-22,77.4,203.2
2023-12-25,76.49,200.26
2023-12-26,78.51,205.19
2023-12-27,77.29,202.44
2023-12-28,77.67,200.7
2023-12-29,76.95,197.46
2024-01-01,78.87,204.0
2024-01-02,80.29,205.09
2024-01-03,80.83,206.6
2024-01-04,79.78,205.14
2024-01-05,78.36,203.04
2024-01-08,75.27,192.66
2024-01-09,74.14,192.05
2024-01-10,75.31,195.83
2024-01-11,73.84,196.3
2024-01-12,73.07,192.78
2024-01-15,72.73,191.27
2024-01-16,71.04,185.98
2024-01-17,72.68,188.6
2024-01-18,73.17,186.57
2024-01-19,74.96,191.64
2024-01-22,75.75,192.98
2024-01-23,76.41,192.83
2024-01-24,74.91,187.8
2024-01-25,74.32,186.36
2024-01-26,75.56,185.67
2024-01-29,74.82,186.37
2024-01-30,76.1,190.1
2024-01-31,76.22,192.87
2024-02-01,77.32,195.03
2024-02-02,77.98,193.88
2024-02-05,78.39,193.47
2024-02-06,78.17,194.16
2024-02-07,78.77,196.11
2024-02-08,79.64,196.99
2024-02-09,80.36,197.1
2024-02-12,80.49,196.44
2024-02-13,81.44,200.67
2024-02-14,79.22,197.13
2024-02-15,77.56,192.8
2024-02-16,78.98,198.13
2024-02-19,80.07,201.68
2024-02-20,79.91,201.15
2024-02-21,82.28,204.52
2024-02-22,86.22,213.32
2024-02-23,85.24,209.51
2024-02-26,84.52,208.88
2024-02-27,83.19,207.27
2024-02-28,82.82,206.2
2024-02-29,83.6,210.84
2024-03-01,86.06,213.54
2024-03-04,83.96,208.41
2024-03-05,83.79,205.41
2024-03-06,82.4,204.93
2024-03-07,82.34,203.59
2024-03-08,83.22,207.92
2024-03-11,83.18,209.97
2024-03-12,84.07,210.36
2024-03-13,85.46,211.42
2024-03-14,84.52,207.17
2024-03-15,85.5,209.31
2024-03-18,86.26,209.32
2024-03-19,84.03,208.37
2024-03-20,83.19,208.55
2024-03-21,85.56,215.73
2024-03-22,84.53,212.61
2024-03-25,84.78,212.9
2024-03-26,86.62,216.68
2024-03-27,87.31,216.15
2024-03-28,84.21,208.11
2024-03-29,82.38,205.63
2024-04-01,82.77,206.14
2024-04-02,83.9,206.78
2024-04-03,82.82,205.75
2024-04-04,80.57,201.1
2024-04-05,80.91,201.16
2024-04-08,81.99,201.98
2024-04-09,82.74,202.81
2024-04-10,84.1,204.82
2024-04-11,85.01,206.78
2024-04-12,84.01,205.45
2024-04-15,85.81,208.4
2024-04-16,84.82,206.13
2024-04-17,83.83,202.63
2024-04-18,85.51,206.5
2024-04-19,86.05,209.47
2024-04-22,88.47,214.07
2024-04-23,86.27,207.49
2024-04-24,85.51,204.71
2024-04-25,84.68,205.24
2024-04-26,85.21,204.61
2024-04-29,83.35,201.26
2024-04-30,81.78,194.57
2024-05-01,83.31,196.42
2024-05-02,81.76,192.59
2024-05-03,82.86,193.13
2024-05-06,83.74,193.66
2024-05-07,84.82,196.95
2024-05-08,87.59,201.6
2024-05-09,87.81,200.87
2024-05-10,86.02,198.52
2024-05-13,89.8,206.36
2024-05-14,87.56,198.04
2024-05-15,88.72,202.18
2024-05-16,91.16,207.52
2024-05-17,89.29,206.71
2024-05-20,89.21,209.32
2024-05-21,90.18,211.71
2024-05-22,90.25,212.54
2024-05-23,89.64,210.99
2024-05-24,92.29,215.58
2024-05-27,92.91,214.95
2024-05-28,92.02,211.25
2024-05-29,94.09,216.74
2024-05-30,94.04,219.15
2024-05-31,93.95,219.56
2024-06-03,92.84,220.34
2024-06-04,92.47,216.44
2024-06-05,92.52,215.29
2024-06-06,92.24,212.13
2024-06-07,90.51,212.23
2024-06-10,93.15,218.21
2024-06-11,93.15,219.21
2024-06-12,95.81,227.83
2024-06-13,97.82,233.31
2024-06-14,99.72,237.12
2024-06-17,97.21,231.05
2024-06-18,99.37,234.37
2024-06-19,102.77,237.89
2024-06-20,105.12,242.5
2024-06-21,105.93,239.94
2024-06-24,105.69,240.65
2024-06-25,107.02,244.03
2024-06-26,107.57,245.95
2024-06-27,106.11,245.46
2024-06-28,106.97,250.03
2024-07-01,101.83,241.59
2024-07-02,103.48,248.72
2024-07-03,101.6,243.16
2024-07-04,101.86,245.67
2024-07-05,104.14,251.78
2024-07-08,104.89,256.74
2024-07-09,108.98,267.22
2024-07-10,109.42,268.81
2024-07-11,112.02,271.04
2024-07-12,112.08,269.36
2024-07-15,108.28,263.54
2024-07-16,107.09,263.84
2024-07-17,105.65,260.53
2024-07-18,108.54,269.64
2024-07-19,109.83,271.5
2024-07-22,110.01,271.13
2024-07-23,108.5,267.08
2024-07-24,110.51,269.99
2024-07-25,110.73,265.53
2024-07-26,112.49,273.64
2024-07-29,114.54,274.98
2024-07-30,111.2,268.83
2024-07-31,113.42,276.16
2024-08-01,112.75,278.05
2024-08-02,110.65,276.45
2024-08-05,110.96,275.26
2024-08-06,113.13,277.96
2024-08-07,113.9,278.59
2024-08-08,112.97,276.66
2024-08-09,114.44,278.61
2024-08-12,116.46,283.4
2024-08-13,117.97,283.54
2024-08-14,121.59,292.14
2024-08-15,122.44,298.0
2024-08-16,118.23,288.99
2024-08-19,116.44,281.88
2024-08-20,119.76,285.52
2024-08-21,123.41,290.95
2024-08-22,118.62,281.35
2024-08-23,118.91,282.12
2024-08-26,124.07,291.66
2024-08-27,123.76,289.68
2024-08-28,124.47,290.72
2024-08-29,122.88,289.97
2024-08-30,123.52,288.17
2024-09-02,124.06,287.95
2024-09-03,125.42,285.71
2024-09-04,127.29,291.0
2024-09-05,131.18,297.62
2024-09-06,131.06,298.11
2024-09-09,131.58,299.08
2024-09-10,132.34,300.99
2024-09-11,131.27,299.0
2024-09-12,127.35,293.12
2024-09-13,127.28,291.76
2024-09-16,129.1,299.81
2024-09-17,132.18,303.2
2024-09-18,134.36,306.82
2024-09-19,132.12,306.67
2024-09-20,131.32,303.65
2024-09-23,132.12,303.85
2024-09-24,131.83,300.12
2024-09-25,135.11,303.6
2024-09-26,129.31,291.11
2024-09-27,131.33,292.88
2024-09-30,134.04,297.34
2024-10-01,133.8,301.42
2024-10-02,132.31,297.2
2024-10-03,136.14,304.59
2024-10-04,134.37,299.71
2024-10-07,133.25,299.86
2024-10-08,134.74,306.3
2024-10-09,131.62,300.12
2024-10-10,131.04,297.52
2024-10-11,129.52,296.52
2024-10-14,130.29,296.16
2024-10-15,131.64,297.25
2024-10-16,133.73,302.69
2024-10-17,133.11,303.79
2024-10-18,132.82,308.37
2024-10-21,130.8,302.13
2024-10-22,132.54,302.03
2024-10-23,136.41,308.36
2024-10-24,141.18,317.37
2024-10-25,141.07,320.98
2024-10-28,143.02,321.03
2024-10-29,147.27,325.25
2024-10-30,151.18,331.95
2024-10-31,157.08,344.92
2024-11-01,165.46,357.61
2024-11-04,173.31,366.19
2024-11-05,176.87,373.75
2024-11-06,174.13,367.98
2024-11-07,175.95,369.5
2024-11-08,175.56,372.1
2024-11-11,175.28,374.06
2024-11-12,176.89,370.82
2024-11-13,176.12,372.01
2024-11-14,177.49,372.43
2024-11-15,173.96,363.55
2024-11-18,175.61,363.4
2024-11-19,177.29,368.13
2024-11-20,177.19,370.51
2024-11-21,178.54,375.75
2024-11-22,179.93,383.41
2024-11-25,184.36,392.14
2024-11-26,181.46,381.27
2024-11-27,182.73,376.96
2024-11-28,180.59,371.78
2024-11-29,181.36,371.01
2024-12-02,181.79,376.33
2024-12-03,188.79,382.83
2024-12-04,190.38,391.36
2024-12-05,189.27,387.88
2024-12-06,191.0,386.49
2024-12-09,191.39,379.4
2024-12-10,186.58,370.82
2024-12-11,189.01,374.52
2024-12-12,193.43,376.96
2024-12-13,189.47,372.53
2024-12-16,185.52,367.86
2024-12-17,196.27,390.98
2024-12-18,199.72,398.17
2024-12-19,201.94,403.83
2024-12-20,202.87,403.06
2024-12-23,197.74,392.79
2024-12-24,193.98,387.41
2024-12-25,193.5,377.67
2024-12-26,193.27,375.35
2024-12-27,195.02,382.07
2024-12-30,193.82,378.69
2024-12-31,190.0,375.0
