published_at,symbol,sentiment_score,mention_count
2018-01-02 16:33:00,AAPL,-1.213,12
2018-01-05 19:09:00,AAPL,0.0025,12
2018-01-08 14:53:00,AAPL,-0.1894,10
2018-01-09 11:27:00,AAPL,0.8057,9
2018-01-10 08:29:00,AAPL,0.5249,7
2018-01-11 10:47:00,AAPL,-0.8671,11
2018-01-12 17:13:00,AAPL,-0.7143,18
2018-01-15 10:03:00,AAPL,-0.2806,12
2018-01-16 12:14:00,AAPL,-0.0757,10
2018-01-17 13:49:00,AAPL,-0.2305,15
2018-01-18 15:27:00,AAPL,0.4658,8
2018-01-19 11:16:00,AAPL,-0.5403,14
2018-01-22 19:47:00,AAPL,-0.3656,9
2018-01-23 17:57:00,AAPL,0.0591,4
2018-01-25 19:55:00,AAPL,0.7799,10
2018-01-26 12:23:00,AAPL,-0.0015,12
2018-01-29 12:00:00,AAPL,-0.419,18
2018-01-30 17:25:00,AAPL,-0.0406,80
2018-01-31 16:11:00,AAPL,-0.8081,11
2018-02-01 15:28:00,AAPL,-0.6693,10
2018-02-02 16:51:00,AAPL,-0.4065,17
2018-02-05 16:11:00,AAPL,-0.7051,11
2018-02-06 17:34:00,AAPL,-0.0747,16
2018-02-07 16:55:00,AAPL,0.1396,4
2018-02-08 18:01:00,AAPL,-0.3412,16
2018-02-09 09:00:00,AAPL,0.0932,8
2018-02-12 14:07:00,AAPL,-0.0257,9
2018-02-14 18:10:00,AAPL,-0.3195,9
2018-02-16 10:25:00,AAPL,0.6676,12
2018-02-19 13:34:00,AAPL,0.0053,10
2018-02-21 13:58:00,AAPL,0.4395,8
2018-02-22 10:42:00,AAPL,-0.0618,17
2018-02-23 14:32:00,AAPL,0.2397,9
2018-02-26 13:32:00,AAPL,-0.008,9
2018-02-27 14:00:00,AAPL,-0.4497,21
2018-02-28 09:10:00,AAPL,-0.1634,11
2018-03-01 16:45:00,AAPL,0.0735,8
2018-03-02 17:51:00,AAPL,0.4219,14
2018-03-05 17:38:00,AAPL,-0.6981,10
2018-03-06 14:23:00,AAPL,0.0031,10
2018-03-07 17:50:00,AAPL,0.419,9
2018-03-08 09:26:00,AAPL,0.2648,13
2018-03-12 10:59:00,AAPL,-0.9649,8
2018-03-13 09:19:00,AAPL,0.2555,13
2018-03-14 17:25:00,AAPL,-0.0822,8
2018-03-15 09:54:00,AAPL,-0.6148,11
2018-03-16 14:48:00,AAPL,-1.3765,10
2018-03-19 15:25:00,AAPL,0.3478,16
2018-03-20 13:38:00,AAPL,-0.1306,4
2018-03-21 14:57:00,AAPL,-0.5169,9
2018-03-22 12:19:00,AAPL,0.6169,13
2018-03-23 12:40:00,AAPL,-0.0354,14
2018-03-26 17:49:00,AAPL,0.051,11
2018-03-28 11:28:00,AAPL,1.1111,16
2018-03-29 08:47:00,AAPL,0.6517,17
2018-03-30 09:57:00,AAPL,-0.7222,15
2018-04-03 13:26:00,AAPL,0.6033,11
2018-04-04 11:01:00,AAPL,0.1726,90
2018-04-05 08:22:00,AAPL,-0.0097,9
2018-04-06 17:16:00,AAPL,0.0433,15
2018-04-11 19:25:00,AAPL,-0.9156,8
2018-04-12 14:28:00,AAPL,0.0745,11
2018-04-13 14:02:00,AAPL,-0.0544,13
2018-04-18 08:26:00,AAPL,-0.4804,15
2018-04-19 08:49:00,AAPL,0.4773,7
2018-04-20 18:09:00,AAPL,0.4487,10
2018-04-23 18:55:00,AAPL,0.7969,5
2018-04-25 16:18:00,AAPL,-1.1867,10
2018-04-26 15:57:00,AAPL,-0.3538,14
2018-04-30 17:05:00,AAPL,-0.8349,16
2018-05-01 11:32:00,AAPL,-0.1745,14
2018-05-02 15:47:00,AAPL,-0.2031,16
2018-05-07 12:30:00,AAPL,-0.0939,4
2018-05-09 14:30:00,AAPL,-0.252,9
2018-05-10 17:55:00,AAPL,0.1164,7
2018-05-11 19:29:00,AAPL,-0.5518,12
2018-05-14 16:48:00,AAPL,-0.3131,12
2018-05-15 18:56:00,AAPL,-0.222,13
2018-05-17 09:20:00,AAPL,,10
2018-05-18 16:59:00,AAPL,0.9592,55
2018-05-21 16:14:00,AAPL,0.4968,11
2018-05-22 16:20:00,AAPL,0.6928,11
2018-05-23 10:03:00,AAPL,0.7646,14
2018-05-24 09:33:00,AAPL,0.1024,8
2018-05-25 15:29:00,AAPL,-0.2851,14
2018-05-28 17:04:00,AAPL,-0.4135,16
2018-05-29 11:51:00,AAPL,0.3588,7
2018-05-31 10:37:00,AAPL,0.0442,17
2018-06-01 08:00:00,AAPL,0.3578,15
2018-06-04 15:26:00,AAPL,0.2149,13
2018-06-05 17:51:00,AAPL,0.0576,8
2018-06-06 12:32:00,AAPL,0.4349,9
2018-06-07 08:26:00,AAPL,0.6441,18
2018-06-08 18:31:00,AAPL,,8
2018-06-11 12:01:00,AAPL,-0.64,13
2018-06-12 13:38:00,AAPL,0.6031,8
2018-06-13 08:18:00,AAPL,0.2112,8
2018-06-14 13:19:00,AAPL,-0.0151,18
2018-06-18 09:45:00,AAPL,0.1879,7
2018-06-19 10:34:00,AAPL,0.164,7
2018-06-20 13:18:00,AAPL,-0.121,8
2018-06-21 16:13:00,AAPL,0.0588,13
2018-06-22 15:55:00,AAPL,-0.6124,11
2018-06-25 12:41:00,AAPL,-0.7912,13
2018-06-27 14:23:00,AAPL,-0.1773,10
2018-06-29 12:20:00,AAPL,0.2535,8
2018-07-02 19:57:00,AAPL,0.2172,15
2018-07-03 14:03:00,AAPL,-0.4899,17
2018-07-04 14:18:00,AAPL,-0.0,9
2018-07-05 08:43:00,AAPL,0.4839,14
2018-07-06 17:04:00,AAPL,0.2254,8
2018-07-09 11:03:00,AAPL,0.2197,12
2018-07-11 19:45:00,AAPL,0.3625,10
2018-07-12 18:11:00,AAPL,0.5921,15
2018-07-13 08:39:00,AAPL,0.0836,7
2018-07-17 12:25:00,AAPL,0.4078,10
2018-07-18 12:39:00,AAPL,0.7685,7
2018-07-19 18:22:00,AAPL,-0.0472,8
2018-07-23 19:40:00,AAPL,-0.5607,9
2018-07-24 15:39:00,AAPL,-0.6367,13
2018-07-26 15:21:00,AAPL,-0.2961,9
2018-07-27 09:42:00,AAPL,0.7283,13
2018-07-30 13:41:00,AAPL,0.9305,10
2018-07-31 16:19:00,AAPL,-0.1169,10
2018-08-01 08:27:00,AAPL,0.2887,10
2018-08-02 15:06:00,AAPL,-0.0333,8
2018-08-03 12:31:00,AAPL,-0.6465,9
2018-08-06 10:42:00,AAPL,0.2926,16
2018-08-07 12:28:00,AAPL,0.3647,10
2018-08-08 17:44:00,AAPL,-0.5381,9
2018-08-10 08:56:00,AAPL,0.943,14
2018-08-13 10:24:00,AAPL,-0.5451,8
2018-08-14 12:28:00,AAPL,-0.495,7
2018-08-15 10:49:00,AAPL,-0.3483,7
2018-08-17 12:46:00,AAPL,0.525,20
2018-08-20 09:33:00,AAPL,-0.4142,7
2018-08-21 08:53:00,AAPL,0.3917,11
2018-08-23 14:12:00,AAPL,0.2322,15
2018-08-24 16:18:00,AAPL,0.312,12
2018-08-27 18:44:00,AAPL,-0.5896,16
2018-08-28 11:55:00,AAPL,0.4891,10
2018-08-29 10:18:00,AAPL,0.2696,9
2018-08-30 18:09:00,AAPL,,9
2018-08-31 15:11:00,AAPL,0.1958,11
2018-09-03 09:23:00,AAPL,0.336,10
2018-09-04 14:55:00,AAPL,-0.2796,10
2018-09-05 10:14:00,AAPL,-0.803,16
2018-09-06 11:12:00,AAPL,-0.3074,13
2018-09-07 10:32:00,AAPL,-0.0345,8
2018-09-10 19:02:00,AAPL,0.1167,9
2018-09-11 11:03:00,AAPL,-0.6844,9
2018-09-12 09:10:00,AAPL,-0.5336,7
2018-09-13 19:27:00,AAPL,,11
2018-09-17 11:40:00,AAPL,-0.2715,13
2018-09-18 11:56:00,AAPL,0.5573,15
2018-09-19 14:18:00,AAPL,0.6219,9
2018-09-20 09:33:00,AAPL,0.2477,8
2018-09-21 17:48:00,AAPL,0.9381,10
2018-09-24 19:07:00,AAPL,0.6573,15
2018-09-25 08:59:00,AAPL,-0.8292,9
2018-09-26 18:08:00,AAPL,-0.7542,14
2018-09-27 13:56:00,AAPL,0.0206,13
2018-09-28 14:39:00,AAPL,-0.0666,16
2018-10-01 17:22:00,AAPL,0.396,12
2018-10-02 16:31:00,AAPL,-0.1673,15
2018-10-03 12:20:00,AAPL,-0.6006,14
2018-10-04 08:10:00,AAPL,-0.825,18
2018-10-05 17:37:00,AAPL,0.9212,10
2018-10-08 17:27:00,AAPL,0.243,11
2018-10-09 16:58:00,AAPL,-0.1692,9
2018-10-10 15:29:00,AAPL,0.5617,7
2018-10-11 15:44:00,AAPL,0.7378,9
2018-10-12 08:41:00,AAPL,-0.4275,13
2018-10-16 15:26:00,AAPL,-0.1582,13
2018-10-17 15:13:00,AAPL,-0.2975,12
2018-10-18 14:51:00,AAPL,1.0216,12
2018-10-19 18:25:00,AAPL,0.0734,12
2018-10-22 09:12:00,AAPL,-0.2922,7
2018-10-23 13:45:00,AAPL,0.1613,10
2018-10-24 13:41:00,AAPL,0.1214,11
2018-10-25 08:12:00,AAPL,-0.7277,11
2018-10-26 14:28:00,AAPL,0.1324,10
2018-10-29 18:30:00,AAPL,0.6869,10
2018-10-30 10:38:00,AAPL,0.9836,16
2018-11-01 09:30:00,AAPL,0.3586,13
2018-11-02 12:06:00,AAPL,0.4728,12
2018-11-05 10:06:00,AAPL,0.5969,18
2018-11-06 09:56:00,AAPL,0.5621,11
2018-11-08 14:43:00,AAPL,0.5678,15
2018-11-09 18:15:00,AAPL,0.9388,11
2018-11-13 18:11:00,AAPL,0.1025,19
2018-11-14 19:28:00,AAPL,-0.6243,13
2018-11-16 17:04:00,AAPL,-0.8095,7
2018-11-21 09:52:00,AAPL,0.0121,60
2018-11-22 08:52:00,AAPL,0.1884,8
2018-11-23 19:29:00,AAPL,-0.1606,13
2018-11-26 12:10:00,AAPL,0.0247,15
2018-11-27 14:26:00,AAPL,-0.74,11
2018-11-28 09:26:00,AAPL,-0.307,10
2018-11-29 17:10:00,AAPL,0.6205,11
2018-11-30 16:29:00,AAPL,-0.201,9
2018-12-03 10:16:00,AAPL,0.3274,17
2018-12-04 17:14:00,AAPL,-0.3296,40
2018-12-06 09:03:00,AAPL,0.2114,4
2018-12-07 09:53:00,AAPL,-0.1637,7
2018-12-10 09:04:00,AAPL,-0.9281,17
2018-12-11 14:53:00,AAPL,-0.7207,7
2018-12-13 13:48:00,AAPL,0.6716,14
2018-12-14 17:37:00,AAPL,0.5457,10
2018-12-17 16:41:00,AAPL,0.264,11
2018-12-19 17:37:00,AAPL,1.503,14
2018-12-20 19:50:00,AAPL,-0.1228,10
2018-12-21 12:10:00,AAPL,-0.1439,17
2018-12-25 15:03:00,AAPL,-1.5934,11
2018-12-27 14:24:00,AAPL,-0.3893,9
2018-12-28 09:51:00,AAPL,-0.7725,16
2018-12-31 14:38:00,AAPL,-0.2209,12
2019-01-02 19:50:00,AAPL,-0.2973,18
2019-01-03 17:37:00,AAPL,0.0092,12
2019-01-04 16:20:00,AAPL,0.1261,12
2019-01-08 10:13:00,AAPL,0.0976,11
2019-01-09 19:36:00,AAPL,0.9403,65
2019-01-10 13:57:00,AAPL,0.033,12
2019-01-11 19:18:00,AAPL,0.1972,11
2019-01-14 12:28:00,AAPL,-0.18,13
2019-01-15 09:16:00,AAPL,-0.3232,11
2019-01-16 08:16:00,AAPL,0.175,13
2019-01-18 12:06:00,AAPL,0.4673,8
2019-01-21 09:37:00,AAPL,-0.4026,13
2019-01-22 19:02:00,AAPL,-0.328,18
2019-01-23 11:39:00,AAPL,0.3982,10
2019-01-24 09:14:00,AAPL,-0.1701,18
2019-01-25 11:14:00,AAPL,0.1168,16
2019-01-29 18:33:00,AAPL,-0.0026,16
2019-01-30 19:26:00,AAPL,0.0421,19
2019-02-01 13:02:00,AAPL,0.375,19
2019-02-04 08:02:00,AAPL,0.5647,13
2019-02-06 17:05:00,AAPL,-0.2025,13
2019-02-07 16:37:00,AAPL,-0.3247,12
2019-02-08 18:03:00,AAPL,-0.066,11
2019-02-11 12:14:00,AAPL,-0.8782,6
2019-02-13 15:27:00,AAPL,-0.7331,14
2019-02-14 09:26:00,AAPL,-0.0521,11
2019-02-15 15:22:00,AAPL,-0.5944,13
2019-02-18 12:18:00,AAPL,-0.5891,11
2019-02-19 12:30:00,AAPL,0.8813,8
2019-02-20 13:35:00,AAPL,0.4062,14
2019-02-21 18:57:00,AAPL,1.3014,12
2019-02-22 10:32:00,AAPL,0.157,7
2019-02-25 17:52:00,AAPL,0.58,11
2019-02-26 10:34:00,AAPL,0.4017,10
2019-03-01 13:24:00,AAPL,-0.5625,17
2019-03-05 15:04:00,AAPL,-1.1869,18
2019-03-07 15:48:00,AAPL,-0.2061,10
2019-03-08 12:29:00,AAPL,0.3461,12
2019-03-11 09:43:00,AAPL,-0.008,10
2019-03-12 14:44:00,AAPL,1.1615,12
2019-03-13 18:07:00,AAPL,0.2439,17
2019-03-14 11:19:00,AAPL,-0.6638,9
2019-03-15 12:42:00,AAPL,0.2294,7
2019-03-18 16:05:00,AAPL,-0.3539,13
2019-03-19 11:58:00,AAPL,0.2085,19
2019-03-20 10:40:00,AAPL,0.6345,13
2019-03-21 09:01:00,AAPL,0.4264,12
2019-03-22 18:11:00,AAPL,0.2267,13
2019-03-26 10:58:00,AAPL,0.3153,8
2019-03-28 19:55:00,AAPL,0.3147,13
2019-03-29 15:03:00,AAPL,-0.443,11
2019-04-01 12:54:00,AAPL,,13
2019-04-02 08:07:00,AAPL,-0.1362,22
2019-04-03 18:47:00,AAPL,0.1488,21
2019-04-04 13:43:00,AAPL,0.1989,15
2019-04-05 15:42:00,AAPL,-0.2392,12
2019-04-08 19:19:00,AAPL,0.0728,10
2019-04-11 16:05:00,AAPL,0.5527,15
2019-04-12 19:45:00,AAPL,0.3332,14
2019-04-15 09:21:00,AAPL,0.5784,7
2019-04-16 10:06:00,AAPL,-0.829,10
2019-04-17 14:53:00,AAPL,-0.3531,12
2019-04-18 08:33:00,AAPL,-0.37,8
2019-04-19 16:04:00,AAPL,-0.2667,13
2019-04-22 08:15:00,AAPL,0.3479,7
2019-04-23 14:17:00,AAPL,0.547,12
2019-04-26 18:41:00,AAPL,-0.0314,16
2019-04-29 09:20:00,AAPL,0.3405,12
2019-05-01 08:28:00,AAPL,0.2955,17
2019-05-02 17:03:00,AAPL,0.4262,17
2019-05-03 12:00:00,AAPL,-0.1047,10
2019-05-06 13:44:00,AAPL,0.045,6
2019-05-07 08:43:00,AAPL,-0.0927,8
2019-05-08 09:47:00,AAPL,-0.7654,3
2019-05-09 19:57:00,AAPL,0.3603,12
2019-05-10 12:49:00,AAPL,-0.8156,11
2019-05-14 14:13:00,AAPL,0.0265,11
2019-05-15 16:55:00,AAPL,-0.8153,17
2019-05-16 14:54:00,AAPL,0.2402,9
2019-05-17 16:10:00,AAPL,0.6082,17
2019-05-20 12:56:00,AAPL,-0.7892,65
2019-05-21 09:40:00,AAPL,-1.0574,10
2019-05-22 10:02:00,AAPL,-0.0391,13
2019-05-23 15:24:00,AAPL,-0.1493,15
2019-05-24 15:39:00,AAPL,,13
2019-05-27 13:03:00,AAPL,-0.0758,13
2019-05-29 13:28:00,AAPL,-0.5386,13
2019-05-30 10:07:00,AAPL,0.1953,12
2019-05-31 08:19:00,AAPL,-0.2648,12
2019-06-05 12:09:00,AAPL,-0.4254,12
2019-06-06 19:29:00,AAPL,-1.0866,10
2019-06-07 16:48:00,AAPL,-0.6287,13
2019-06-10 10:12:00,AAPL,0.7591,15
2019-06-11 14:20:00,AAPL,-1.0868,10
2019-06-12 13:29:00,AAPL,-0.8754,8
2019-06-13 16:34:00,AAPL,0.2045,60
2019-06-14 11:11:00,AAPL,-0.7196,11
2019-06-17 14:22:00,AAPL,-0.01,8
2019-06-19 14:49:00,AAPL,-0.7386,13
2019-06-20 18:51:00,AAPL,-0.4575,12
2019-06-21 13:52:00,AAPL,-0.7877,13
2019-06-24 18:30:00,AAPL,0.165,13
2019-06-25 08:30:00,AAPL,0.2109,23
2019-06-27 13:52:00,AAPL,0.5908,14
2019-07-01 09:09:00,AAPL,0.1925,14
2019-07-02 12:41:00,AAPL,-0.1012,11
2019-07-03 16:34:00,AAPL,0.2389,9
2019-07-04 15:29:00,AAPL,-0.676,10
2019-07-05 18:32:00,AAPL,-0.3253,10
2019-07-08 08:50:00,AAPL,-0.2876,11
2019-07-10 14:20:00,AAPL,0.4281,9
2019-07-16 11:40:00,AAPL,-0.1165,15
2019-07-18 18:18:00,AAPL,-0.7042,13
2019-07-19 11:14:00,AAPL,-0.548,8
2019-07-22 10:30:00,AAPL,-0.6264,15
2019-07-25 09:17:00,AAPL,-0.8384,12
2019-07-26 08:36:00,AAPL,-0.2835,8
2019-07-30 17:42:00,AAPL,0.2404,11
2019-07-31 08:55:00,AAPL,0.0641,10
2019-08-01 19:57:00,AAPL,,7
2019-08-05 08:17:00,AAPL,0.9267,13
2019-08-06 18:46:00,AAPL,0.4056,16
2019-08-07 16:30:00,AAPL,0.4837,15
2019-08-08 10:37:00,AAPL,-0.5014,16
2019-08-09 13:19:00,AAPL,-0.0772,15
2019-08-12 13:09:00,AAPL,0.2051,15
2019-08-13 10:51:00,AAPL,0.3789,15
2019-08-14 12:13:00,AAPL,0.3244,11
2019-08-15 10:23:00,AAPL,0.0946,16
2019-08-16 13:19:00,AAPL,-0.2385,13
2019-08-19 14:13:00,AAPL,-0.0152,14
2019-08-20 09:51:00,AAPL,-0.2017,8
2019-08-21 13:06:00,AAPL,-0.1572,8
2019-08-22 09:09:00,AAPL,-0.9046,10
2019-08-26 19:07:00,AAPL,-0.0948,9
2019-08-28 16:28:00,AAPL,0.1515,16
2019-08-29 19:30:00,AAPL,0.3192,14
2019-09-02 14:42:00,AAPL,-0.2895,13
2019-09-03 17:50:00,AAPL,-0.836,11
2019-09-04 08:43:00,AAPL,-0.4919,8
2019-09-05 19:29:00,AAPL,0.8972,11
2019-09-06 15:25:00,AAPL,-0.2606,19
2019-09-09 15:28:00,AAPL,-0.1685,14
2019-09-10 10:14:00,AAPL,-0.0184,13
2019-09-11 18:32:00,AAPL,-0.0958,7
2019-09-13 08:50:00,AAPL,1.1698,10
2019-09-16 13:49:00,AAPL,-0.4886,12
2019-09-17 09:40:00,AAPL,-0.1076,8
2019-09-18 10:02:00,AAPL,,60
2019-09-19 09:29:00,AAPL,0.709,14
2019-09-20 13:31:00,AAPL,0.5336,7
2019-09-23 08:40:00,AAPL,-0.6834,13
2019-09-24 19:22:00,AAPL,0.0171,14
2019-09-25 15:31:00,AAPL,-0.0538,8
2019-09-26 14:03:00,AAPL,-1.0328,8
2019-09-30 19:01:00,AAPL,-0.709,9
2019-10-01 08:12:00,AAPL,-0.2764,12
2019-10-02 14:05:00,AAPL,-0.823,12
2019-10-03 08:04:00,AAPL,0.3375,6
2019-10-04 17:40:00,AAPL,0.6396,12
2019-10-08 12:32:00,AAPL,0.399,10
2019-10-09 16:58:00,AAPL,0.48,14
2019-10-10 12:29:00,AAPL,-0.5143,15
2019-10-11 14:20:00,AAPL,0.2465,13
2019-10-14 19:39:00,AAPL,0.7754,8
2019-10-15 18:03:00,AAPL,-0.0379,16
2019-10-16 08:22:00,AAPL,-0.387,11
2019-10-17 18:07:00,AAPL,0.4951,20
2019-10-18 16:18:00,AAPL,-0.7172,14
2019-10-22 08:27:00,AAPL,,60
2019-10-23 10:51:00,AAPL,0.5005,13
2019-10-24 11:38:00,AAPL,0.2509,12
2019-10-25 15:14:00,AAPL,-0.8965,11
2019-10-28 17:22:00,AAPL,-0.8779,11
2019-10-30 13:35:00,AAPL,0.6885,11
2019-10-31 12:43:00,AAPL,0.5627,13
2019-11-04 17:03:00,AAPL,0.2347,10
2019-11-06 15:03:00,AAPL,-0.3385,12
2019-11-07 15:07:00,AAPL,0.6766,9
2019-11-08 17:37:00,AAPL,0.3371,15
2019-11-11 12:13:00,AAPL,0.5744,12
2019-11-12 15:31:00,AAPL,0.7004,9
2019-11-14 12:43:00,AAPL,-1.137,8
2019-11-15 18:06:00,AAPL,0.3797,16
2019-11-18 09:15:00,AAPL,-0.798,12
2019-11-19 08:52:00,AAPL,-0.2402,14
2019-11-20 09:19:00,AAPL,-0.6544,12
2019-11-22 09:46:00,AAPL,-0.7309,11
2019-11-25 09:24:00,AAPL,0.5571,12
2019-11-26 19:47:00,AAPL,0.1877,6
2019-11-27 08:37:00,AAPL,1.3862,13
2019-11-29 11:36:00,AAPL,0.017,9
2019-12-02 17:27:00,AAPL,0.67,7
2019-12-03 19:25:00,AAPL,0.6446,14
2019-12-04 16:13:00,AAPL,1.7872,17
2019-12-05 10:25:00,AAPL,0.0776,14
2019-12-06 13:43:00,AAPL,-0.0497,20
2019-12-09 19:18:00,AAPL,0.0434,4
2019-12-10 10:48:00,AAPL,-0.4129,13
2019-12-13 11:18:00,AAPL,-0.3297,8
2019-12-16 08:16:00,AAPL,0.4694,9
2019-12-17 19:29:00,AAPL,0.542,13
2019-12-18 17:28:00,AAPL,0.2967,10
2019-12-19 19:41:00,AAPL,-0.1437,15
2019-12-20 13:17:00,AAPL,-0.4332,10
2019-12-23 14:08:00,AAPL,-0.6348,8
2019-12-25 11:04:00,AAPL,-0.3735,10
2019-12-26 13:19:00,AAPL,0.797,10
2019-12-27 16:19:00,AAPL,0.1176,15
2019-12-30 14:20:00,AAPL,-0.3184,16
2019-12-31 18:19:00,AAPL,-0.8339,18
2020-01-01 10:36:00,AAPL,-0.5023,10
2020-01-02 11:30:00,AAPL,0.4034,15
2020-01-03 19:33:00,AAPL,0.2465,9
2020-01-06 17:53:00,AAPL,-0.28,13
2020-01-09 08:53:00,AAPL,0.3185,14
2020-01-10 13:56:00,AAPL,0.0365,9
2020-01-13 11:21:00,AAPL,0.5034,16
2020-01-14 15:47:00,AAPL,0.071,19
2020-01-15 15:03:00,AAPL,0.2041,12
2020-01-16 08:18:00,AAPL,0.451,9
2020-01-17 11:21:00,AAPL,0.685,17
2020-01-20 12:25:00,AAPL,-0.0198,18
2020-01-21 16:48:00,AAPL,1.3404,13
2020-01-22 11:23:00,AAPL,0.4092,16
2020-01-23 17:12:00,AAPL,0.6976,9
2020-01-24 16:21:00,AAPL,0.6755,8
2020-01-28 15:42:00,AAPL,-0.6998,13
2020-01-29 18:53:00,AAPL,-1.005,12
2020-01-31 08:00:00,AAPL,0.0058,11
2020-02-04 17:26:00,AAPL,1.242,11
2020-02-05 12:57:00,AAPL,-0.5416,8
2020-02-07 19:37:00,AAPL,-0.2926,9
2020-02-10 09:44:00,AAPL,0.0233,12
2020-02-11 09:20:00,AAPL,0.0074,15
2020-02-13 19:24:00,AAPL,-0.2299,18
2020-02-17 08:59:00,AAPL,0.3772,12
2020-02-18 15:12:00,AAPL,,9
2020-02-19 16:02:00,AAPL,-1.6167,16
2020-02-20 09:46:00,AAPL,0.4122,4
2020-02-21 14:31:00,AAPL,0.1768,13
2020-02-24 09:28:00,AAPL,0.9346,15
2020-02-25 19:22:00,AAPL,0.2604,6
2020-02-26 12:18:00,AAPL,,18
2020-02-27 10:03:00,AAPL,0.4833,15
2020-02-28 18:06:00,AAPL,,12
2020-03-02 08:41:00,AAPL,-0.3007,5
2020-03-03 10:51:00,AAPL,1.0324,9
2020-03-05 09:04:00,AAPL,0.5093,10
2020-03-06 09:18:00,AAPL,0.3923,13
2020-03-09 08:56:00,AAPL,-0.0267,9
2020-03-10 12:41:00,AAPL,1.2029,12
2020-03-11 12:39:00,AAPL,0.187,14
2020-03-12 14:55:00,AAPL,0.6548,16
2020-03-13 18:18:00,AAPL,-0.0374,14
2020-03-18 14:29:00,AAPL,0.3089,9
2020-03-19 12:13:00,AAPL,0.0248,13
2020-03-20 15:06:00,AAPL,1.0187,9
2020-03-23 16:55:00,AAPL,1.1213,14
2020-03-24 16:55:00,AAPL,0.0384,15
2020-03-25 11:08:00,AAPL,-0.2187,14
2020-03-26 16:11:00,AAPL,-0.3576,10
2020-03-27 17:08:00,AAPL,0.2086,10
2020-03-30 13:55:00,AAPL,0.3842,11
2020-03-31 18:52:00,AAPL,-0.9385,11
2020-04-01 12:06:00,AAPL,1.2954,8
2020-04-02 16:59:00,AAPL,-0.2363,6
2020-04-03 13:44:00,AAPL,0.7014,14
2020-04-06 11:53:00,AAPL,-1.0617,20
2020-04-09 09:19:00,AAPL,,8
2020-04-10 14:32:00,AAPL,-0.5836,8
2020-04-13 14:18:00,AAPL,0.7247,11
2020-04-15 17:54:00,AAPL,0.0462,9
2020-04-16 10:17:00,AAPL,-1.2686,5
2020-04-17 09:54:00,AAPL,-1.0329,12
2020-04-21 17:38:00,AAPL,0.0275,50
2020-04-23 14:12:00,AAPL,0.2216,11
2020-04-24 12:27:00,AAPL,-0.3804,7
2020-04-27 14:50:00,AAPL,-0.3787,15
2020-04-28 13:26:00,AAPL,-0.1057,17
2020-04-29 13:35:00,AAPL,0.4129,13
2020-04-30 14:07:00,AAPL,0.0186,11
2020-05-01 17:39:00,AAPL,-0.6861,13
2020-05-04 09:29:00,AAPL,-0.7397,14
2020-05-05 12:20:00,AAPL,-0.4481,10
2020-05-06 08:35:00,AAPL,-0.2919,16
2020-05-07 08:57:00,AAPL,-1.0957,14
2020-05-08 08:26:00,AAPL,-0.1091,13
2020-05-11 13:08:00,AAPL,-1.0457,16
2020-05-12 13:17:00,AAPL,-0.239,12
2020-05-13 17:13:00,AAPL,0.287,17
2020-05-18 10:52:00,AAPL,-0.1948,10
2020-05-19 17:57:00,AAPL,0.2118,10
2020-05-20 13:58:00,AAPL,-0.4723,12
2020-05-21 12:17:00,AAPL,-0.1666,11
2020-05-22 09:28:00,AAPL,-0.0428,10
2020-05-25 08:49:00,AAPL,0.5915,10
2020-05-26 09:17:00,AAPL,0.2118,23
2020-05-27 10:14:00,AAPL,0.9456,8
2020-05-28 08:56:00,AAPL,-0.9813,14
2020-05-29 10:31:00,AAPL,-0.6442,12
2020-06-01 12:01:00,AAPL,-0.3973,14
2020-06-03 10:44:00,AAPL,-1.0837,13
2020-06-04 18:32:00,AAPL,-0.0975,14
2020-06-08 09:45:00,AAPL,-0.0909,14
2020-06-09 14:40:00,AAPL,-0.1332,13
2020-06-10 18:11:00,AAPL,0.3615,15
2020-06-11 10:50:00,AAPL,-0.7013,11
2020-06-12 08:44:00,AAPL,-0.0209,15
2020-06-15 10:35:00,AAPL,,12
2020-06-16 14:58:00,AAPL,0.1237,10
2020-06-17 17:12:00,AAPL,0.5538,8
2020-06-18 10:35:00,AAPL,0.2803,19
2020-06-19 15:55:00,AAPL,1.3191,7
2020-06-22 11:35:00,AAPL,-0.1627,10
2020-06-23 14:10:00,AAPL,0.5989,12
2020-06-24 15:46:00,AAPL,1.1022,13
2020-06-26 15:04:00,AAPL,-0.3947,17
2020-06-29 17:23:00,AAPL,-0.2865,11
2020-06-30 15:53:00,AAPL,0.3231,8
2020-07-01 16:33:00,AAPL,-0.0478,12
2020-07-02 18:13:00,AAPL,-0.141,14
2020-07-08 09:51:00,AAPL,-0.6247,6
2020-07-09 08:59:00,AAPL,0.0281,11
2020-07-10 12:19:00,AAPL,-0.1124,5
2020-07-13 14:06:00,AAPL,-0.3066,8
2020-07-14 09:07:00,AAPL,0.4115,6
2020-07-15 16:50:00,AAPL,0.1815,14
2020-07-17 09:11:00,AAPL,0.3614,16
2020-07-20 09:00:00,AAPL,0.194,14
2020-07-21 18:23:00,AAPL,0.481,8
2020-07-22 08:36:00,AAPL,0.505,14
2020-07-23 11:27:00,AAPL,0.7622,9
2020-07-24 15:10:00,AAPL,-0.3771,9
2020-07-27 17:58:00,AAPL,0.1981,6
2020-07-28 13:12:00,AAPL,0.5924,13
2020-07-29 10:59:00,AAPL,0.2839,4
2020-07-31 12:56:00,AAPL,0.4866,12
2020-08-03 19:07:00,AAPL,-0.3505,13
2020-08-04 08:41:00,AAPL,-0.0288,14
2020-08-05 11:47:00,AAPL,1.0915,12
2020-08-06 11:05:00,AAPL,0.6367,21
2020-08-07 15:44:00,AAPL,0.3279,11
2020-08-11 13:02:00,AAPL,0.0337,9
2020-08-12 11:55:00,AAPL,0.9741,17
2020-08-13 10:50:00,AAPL,0.5124,16
2020-08-14 09:56:00,AAPL,0.7634,6
2020-08-17 15:51:00,AAPL,0.2076,15
2020-08-18 19:55:00,AAPL,-0.3115,7
2020-08-19 16:45:00,AAPL,-0.3189,16
2020-08-20 16:47:00,AAPL,0.696,7
2020-08-21 10:16:00,AAPL,-0.2488,5
2020-08-25 09:28:00,AAPL,0.9122,7
2020-08-26 16:21:00,AAPL,0.8542,11
2020-08-27 14:28:00,AAPL,0.4429,15
2020-08-31 17:46:00,AAPL,0.45,13
2020-09-01 09:59:00,AAPL,0.4907,12
2020-09-03 09:50:00,AAPL,-0.1252,9
2020-09-07 19:16:00,AAPL,-1.0041,13
2020-09-08 12:16:00,AAPL,0.606,7
2020-09-09 16:22:00,AAPL,0.3184,9
2020-09-10 16:16:00,AAPL,0.2209,13
2020-09-14 18:15:00,AAPL,-0.5298,12
2020-09-15 18:01:00,AAPL,0.1003,13
2020-09-17 16:54:00,AAPL,0.582,9
2020-09-21 09:29:00,AAPL,0.1337,14
2020-09-22 14:20:00,AAPL,-0.1496,7
2020-09-23 08:47:00,AAPL,-0.2213,13
2020-09-24 15:03:00,AAPL,0.3036,12
2020-09-25 14:11:00,AAPL,0.5238,7
2020-09-28 13:28:00,AAPL,0.747,10
2020-09-30 10:28:00,AAPL,-0.6267,50
2020-10-01 16:51:00,AAPL,0.2045,70
2020-10-02 13:15:00,AAPL,1.092,15
2020-10-05 11:59:00,AAPL,0.0968,9
2020-10-06 16:03:00,AAPL,-0.4264,18
2020-10-07 12:27:00,AAPL,-0.1266,14
2020-10-08 16:32:00,AAPL,1.3474,10
2020-10-12 08:11:00,AAPL,1.6246,9
2020-10-14 17:19:00,AAPL,0.4052,17
2020-10-15 19:00:00,AAPL,-0.4237,15
2020-10-16 15:38:00,AAPL,0.1453,15
2020-10-20 18:16:00,AAPL,1.0109,17
2020-10-21 18:42:00,AAPL,0.3253,17
2020-10-23 15:07:00,AAPL,-0.4167,9
2020-10-26 19:34:00,AAPL,-0.6573,15
2020-10-27 19:00:00,AAPL,-0.254,10
2020-10-28 13:12:00,AAPL,0.8194,5
2020-10-29 18:38:00,AAPL,-0.3163,6
2020-10-30 10:57:00,AAPL,-1.1668,12
2020-11-02 08:05:00,AAPL,-0.877,6
2020-11-03 09:33:00,AAPL,-0.545,14
2020-11-04 09:03:00,AAPL,-0.1095,15
2020-11-05 18:24:00,AAPL,-0.0999,8
2020-11-06 10:21:00,AAPL,0.104,13
2020-11-10 19:11:00,AAPL,0.1139,13
2020-11-13 15:02:00,AAPL,,11
2020-11-17 09:53:00,AAPL,0.2793,35
2020-11-18 09:00:00,AAPL,1.1337,11
2020-11-20 17:40:00,AAPL,-0.3332,15
2020-11-25 18:19:00,AAPL,-0.1,23
2020-11-26 18:18:00,AAPL,0.8551,12
2020-11-27 09:34:00,AAPL,0.1626,11
2020-11-30 08:06:00,AAPL,-0.7685,13
2020-12-01 18:35:00,AAPL,-0.2632,9
2020-12-03 14:57:00,AAPL,0.77,16
2020-12-04 15:06:00,AAPL,-0.4071,14
2020-12-07 16:36:00,AAPL,-0.5836,14
2020-12-08 09:22:00,AAPL,-0.1589,14
2020-12-09 10:04:00,AAPL,-0.2844,40
2020-12-11 14:06:00,AAPL,-0.9993,10
2020-12-15 10:39:00,AAPL,-0.3729,12
2020-12-16 16:47:00,AAPL,-0.133,9
2020-12-18 11:44:00,AAPL,0.4343,10
2020-12-21 08:38:00,AAPL,0.3641,13
2020-12-22 14:55:00,AAPL,-0.8933,13
2020-12-23 15:47:00,AAPL,0.5478,5
2020-12-24 18:35:00,AAPL,-0.1502,11
2020-12-25 18:45:00,AAPL,0.271,22
2020-12-29 17:10:00,AAPL,0.4421,8
2020-12-30 17:22:00,AAPL,-0.1229,7
2020-12-31 17:30:00,AAPL,-0.3749,14
2021-01-01 08:23:00,AAPL,1.0972,9
2021-01-04 17:20:00,AAPL,-1.1345,7
2021-01-05 08:43:00,AAPL,-0.935,14
2021-01-06 13:18:00,AAPL,-0.2505,10
2021-01-08 08:06:00,AAPL,0.9783,9
2021-01-11 17:32:00,AAPL,0.2963,40
2021-01-13 12:23:00,AAPL,0.2577,9
2021-01-14 15:13:00,AAPL,0.5613,14
2021-01-15 14:47:00,AAPL,0.0495,9
2021-01-19 18:46:00,AAPL,-0.2283,6
2021-01-21 08:10:00,AAPL,0.1894,8
2021-01-22 14:44:00,AAPL,0.0647,9
2021-01-26 09:07:00,AAPL,-0.1375,14
2021-01-27 12:39:00,AAPL,-0.1658,13
2021-01-29 08:28:00,AAPL,-0.3587,12
2021-02-01 08:05:00,AAPL,-0.0145,9
2021-02-03 10:15:00,AAPL,0.0344,13
2021-02-04 14:09:00,AAPL,-0.5277,12
2021-02-05 19:28:00,AAPL,0.3362,11
2021-02-08 15:54:00,AAPL,-0.0338,12
2021-02-09 16:57:00,AAPL,0.3828,12
2021-02-10 12:45:00,AAPL,0.671,17
2021-02-12 13:30:00,AAPL,0.1696,8
2021-02-16 15:40:00,AAPL,-0.137,11
2021-02-18 08:37:00,AAPL,0.98,13
2021-02-22 09:59:00,AAPL,1.2571,22
2021-02-23 15:36:00,AAPL,-0.2987,12
2021-02-25 08:13:00,AAPL,-0.3615,7
2021-02-26 09:50:00,AAPL,0.7195,18
2021-03-01 10:32:00,AAPL,0.9598,14
2021-03-02 12:27:00,AAPL,0.3304,17
2021-03-03 15:56:00,AAPL,0.4009,70
2021-03-05 08:40:00,AAPL,0.5502,7
2021-03-08 13:27:00,AAPL,0.3985,8
2021-03-10 19:49:00,AAPL,-0.3116,8
2021-03-11 19:14:00,AAPL,0.3162,13
2021-03-12 08:53:00,AAPL,-0.2867,11
2021-03-15 14:31:00,AAPL,0.4876,55
2021-03-16 17:11:00,AAPL,-0.0747,7
2021-03-17 15:21:00,AAPL,-0.2697,10
2021-03-18 10:18:00,AAPL,-0.3312,10
2021-03-19 13:07:00,AAPL,0.2476,13
2021-03-23 10:44:00,AAPL,0.3559,15
2021-03-24 08:21:00,AAPL,0.4615,12
2021-03-25 13:09:00,AAPL,0.9031,13
2021-03-26 13:03:00,AAPL,-0.4753,16
2021-03-29 12:21:00,AAPL,-0.5159,18
2021-03-30 11:38:00,AAPL,-0.2716,11
2021-03-31 16:50:00,AAPL,0.3987,17
2021-04-01 12:16:00,AAPL,-0.5872,7
2021-04-02 18:55:00,AAPL,-0.8426,13
2021-04-05 13:34:00,AAPL,0.198,17
2021-04-07 18:56:00,AAPL,0.7091,11
2021-04-09 18:29:00,AAPL,-0.0901,10
2021-04-12 16:49:00,AAPL,0.4734,13
2021-04-13 19:21:00,AAPL,0.3118,8
2021-04-14 09:20:00,AAPL,-0.0524,11
2021-04-15 09:17:00,AAPL,0.0447,15
2021-04-16 11:11:00,AAPL,-1.0284,13
2021-04-19 10:40:00,AAPL,-0.9781,12
2021-04-20 10:47:00,AAPL,0.9804,13
2021-04-21 08:30:00,AAPL,-0.4929,15
2021-04-22 17:47:00,AAPL,0.5745,11
2021-04-26 18:02:00,AAPL,0.8883,12
2021-04-27 08:36:00,AAPL,0.9501,17
2021-04-28 10:46:00,AAPL,0.0862,12
2021-04-29 14:10:00,AAPL,-0.4924,15
2021-04-30 16:47:00,AAPL,-0.7062,10
2021-05-03 18:27:00,AAPL,0.0379,14
2021-05-04 17:42:00,AAPL,-0.3979,10
2021-05-05 18:34:00,AAPL,0.1717,16
2021-05-07 14:03:00,AAPL,-1.0965,10
2021-05-10 11:39:00,AAPL,-1.1095,10
2021-05-11 09:13:00,AAPL,-0.4739,13
2021-05-12 15:16:00,AAPL,-0.4081,13
2021-05-14 17:34:00,AAPL,0.5281,9
2021-05-17 09:40:00,AAPL,-0.5388,20
2021-05-18 14:46:00,AAPL,-0.3893,12
2021-05-19 09:15:00,AAPL,0.8389,12
2021-05-21 12:57:00,AAPL,0.3838,17
2021-05-25 09:17:00,AAPL,-0.5525,11
2021-05-26 13:57:00,AAPL,0.0317,10
2021-05-27 15:25:00,AAPL,-0.0681,8
2021-05-28 17:20:00,AAPL,,23
2021-06-01 17:49:00,AAPL,-0.075,13
2021-06-02 13:31:00,AAPL,-0.0656,15
2021-06-03 10:04:00,AAPL,-1.0596,9
2021-06-04 17:59:00,AAPL,,11
2021-06-09 15:31:00,AAPL,0.7121,8
2021-06-10 17:42:00,AAPL,-0.1534,11
2021-06-11 16:49:00,AAPL,0.4491,13
2021-06-14 13:29:00,AAPL,0.3933,8
2021-06-15 16:08:00,AAPL,1.015,16
2021-06-17 12:48:00,AAPL,,15
2021-06-18 14:40:00,AAPL,0.1651,13
2021-06-21 08:42:00,AAPL,0.5306,11
2021-06-22 13:25:00,AAPL,-0.2599,9
2021-06-23 08:42:00,AAPL,0.8107,14
2021-06-24 10:53:00,AAPL,0.7312,14
2021-06-25 19:33:00,AAPL,-0.1396,18
2021-06-28 17:21:00,AAPL,-0.1841,17
2021-06-29 11:35:00,AAPL,-0.9913,13
2021-06-30 13:20:00,AAPL,0.0545,12
2021-07-02 16:34:00,AAPL,-0.79,13
2021-07-05 10:27:00,AAPL,-0.318,15
2021-07-06 09:17:00,AAPL,-0.0206,13
2021-07-07 16:18:00,AAPL,0.4062,17
2021-07-08 09:52:00,AAPL,0.3535,11
2021-07-09 17:04:00,AAPL,-0.215,9
2021-07-12 10:20:00,AAPL,0.1291,15
2021-07-13 18:54:00,AAPL,1.3047,15
2021-07-14 12:23:00,AAPL,-0.1462,11
2021-07-16 19:15:00,AAPL,-0.6116,13
2021-07-20 13:52:00,AAPL,0.146,14
2021-07-21 13:29:00,AAPL,-0.1258,10
2021-07-22 10:07:00,AAPL,0.1525,14
2021-07-23 19:13:00,AAPL,0.1343,16
2021-07-26 17:28:00,AAPL,-0.3782,14
2021-07-27 08:25:00,AAPL,-0.8096,14
2021-07-29 13:47:00,AAPL,-0.0958,9
2021-07-30 12:20:00,AAPL,-0.1433,13
2021-08-02 18:36:00,AAPL,0.3833,12
2021-08-03 17:32:00,AAPL,-0.6839,40
2021-08-04 16:29:00,AAPL,-0.7453,16
2021-08-05 14:49:00,AAPL,-0.8228,18
2021-08-06 15:52:00,AAPL,0.7709,13
2021-08-09 16:07:00,AAPL,-0.042,14
2021-08-10 19:04:00,AAPL,0.0708,6
2021-08-11 15:30:00,AAPL,-0.1028,8
2021-08-12 09:14:00,AAPL,-0.1782,11
2021-08-13 14:07:00,AAPL,0.4346,12
2021-08-16 15:22:00,AAPL,-0.4891,9
2021-08-17 14:11:00,AAPL,0.5743,10
2021-08-18 12:26:00,AAPL,0.8534,12
2021-08-19 14:36:00,AAPL,0.0898,14
2021-08-20 11:10:00,AAPL,-0.4863,12
2021-08-25 16:46:00,AAPL,0.5785,13
2021-08-26 13:43:00,AAPL,0.8819,13
2021-09-01 17:30:00,AAPL,-0.2981,12
2021-09-02 15:08:00,AAPL,0.7727,11
2021-09-03 15:25:00,AAPL,-0.5682,11
2021-09-07 13:51:00,AAPL,0.6712,14
2021-09-10 15:14:00,AAPL,-0.4893,7
2021-09-13 09:27:00,AAPL,-0.419,19
2021-09-14 18:24:00,AAPL,-0.4769,8
2021-09-15 08:15:00,AAPL,-0.7164,13
2021-09-16 15:45:00,AAPL,-0.4495,12
2021-09-20 09:25:00,AAPL,-0.4294,11
2021-09-21 10:07:00,AAPL,0.4044,13
2021-09-22 17:50:00,AAPL,-0.1355,12
2021-09-23 15:32:00,AAPL,0.0128,12
2021-09-24 16:23:00,AAPL,-0.2281,15
2021-09-27 17:23:00,AAPL,0.1357,10
2021-09-28 08:32:00,AAPL,-0.1464,14
2021-09-29 13:10:00,AAPL,0.543,10
2021-09-30 15:21:00,AAPL,0.0128,10
2021-10-01 13:01:00,AAPL,0.0168,16
2021-10-05 10:35:00,AAPL,-1.0274,8
2021-10-06 16:59:00,AAPL,-0.4314,8
2021-10-07 16:23:00,AAPL,0.5837,5
2021-10-08 18:34:00,AAPL,0.0943,17
2021-10-11 11:34:00,AAPL,-0.5758,10
2021-10-12 13:04:00,AAPL,-0.2558,14
2021-10-13 15:32:00,AAPL,0.8444,16
2021-10-14 16:13:00,AAPL,-0.3729,11
2021-10-19 18:14:00,AAPL,-0.0105,11
2021-10-20 16:56:00,AAPL,-0.6121,10
2021-10-21 14:05:00,AAPL,0.5201,11
2021-10-26 11:06:00,AAPL,1.1049,11
2021-10-27 11:20:00,AAPL,0.8631,14
2021-10-29 18:10:00,AAPL,-0.4136,20
2021-11-01 12:03:00,AAPL,-0.5453,12
2021-11-02 15:03:00,AAPL,0.2093,9
2021-11-04 14:34:00,AAPL,-1.2756,14
2021-11-10 15:48:00,AAPL,-1.0958,11
2021-11-11 14:16:00,AAPL,-0.1458,11
2021-11-15 10:12:00,AAPL,,11
2021-11-16 11:48:00,AAPL,0.025,6
2021-11-17 10:41:00,AAPL,0.5569,10
2021-11-18 11:19:00,AAPL,0.7736,14
2021-11-23 11:04:00,AAPL,-0.0949,12
2021-11-25 13:41:00,AAPL,-0.0366,15
2021-11-26 17:25:00,AAPL,-0.0066,3
2021-11-29 12:43:00,AAPL,0.3387,10
2021-11-30 14:43:00,AAPL,-0.5575,13
2021-12-01 14:18:00,AAPL,0.306,15
2021-12-02 08:06:00,AAPL,-0.0841,10
2021-12-03 08:45:00,AAPL,-0.5934,13
2021-12-06 10:25:00,AAPL,-0.4739,55
2021-12-07 10:05:00,AAPL,0.1906,12
2021-12-08 08:53:00,AAPL,-0.2633,10
2021-12-09 12:23:00,AAPL,-0.4144,10
2021-12-10 16:15:00,AAPL,0.4211,8
2021-12-14 12:07:00,AAPL,0.5397,11
2021-12-15 10:04:00,AAPL,0.9061,5
2021-12-16 13:56:00,AAPL,0.7018,6
2021-12-17 12:18:00,AAPL,-0.0982,16
2021-12-20 14:01:00,AAPL,0.0244,18
2021-12-21 11:51:00,AAPL,-0.6921,12
2021-12-23 10:41:00,AAPL,0.1851,12
2021-12-24 11:26:00,AAPL,0.5516,12
2021-12-28 16:37:00,AAPL,-0.3423,13
2021-12-29 13:52:00,AAPL,,14
2021-12-30 15:31:00,AAPL,0.3631,10
2021-12-31 13:16:00,AAPL,0.8347,13
2022-01-03 08:26:00,AAPL,0.014,6
2022-01-04 14:54:00,AAPL,0.388,16
2022-01-07 09:41:00,AAPL,-0.0472,17
2022-01-10 14:37:00,AAPL,-0.1417,15
2022-01-11 10:00:00,AAPL,0.5718,9
2022-01-12 19:42:00,AAPL,0.3387,6
2022-01-13 08:56:00,AAPL,-0.5011,15
2022-01-14 11:47:00,AAPL,-0.0671,7
2022-01-17 12:13:00,AAPL,0.2876,12
2022-01-18 19:39:00,AAPL,-0.3446,20
2022-01-20 11:19:00,AAPL,-0.3535,11
2022-01-21 11:52:00,AAPL,-0.3314,6
2022-01-24 14:47:00,AAPL,0.146,14
2022-01-25 12:39:00,AAPL,0.2191,13
2022-01-26 15:41:00,AAPL,0.7973,8
2022-01-27 14:55:00,AAPL,0.3872,18
2022-01-28 16:14:00,AAPL,0.2292,9
2022-01-31 17:51:00,AAPL,-0.356,15
2022-02-01 19:59:00,AAPL,-0.0161,11
2022-02-02 12:04:00,AAPL,1.007,9
2022-02-03 17:07:00,AAPL,-1.0385,17
2022-02-07 15:54:00,AAPL,-0.1851,15
2022-02-08 11:05:00,AAPL,-0.1609,12
2022-02-09 18:53:00,AAPL,1.0526,16
2022-02-10 15:48:00,AAPL,1.1423,13
2022-02-11 09:47:00,AAPL,0.5855,12
2022-02-14 19:54:00,AAPL,0.1664,10
2022-02-15 16:24:00,AAPL,-0.4318,10
2022-02-16 18:47:00,AAPL,-0.9245,19
2022-02-17 16:09:00,AAPL,1.2576,14
2022-02-18 14:00:00,AAPL,0.235,12
2022-02-21 08:21:00,AAPL,0.2822,13
2022-02-22 19:18:00,AAPL,-0.2625,11
2022-02-23 09:50:00,AAPL,-0.6645,11
2022-02-24 19:11:00,AAPL,-0.4239,13
2022-02-25 09:17:00,AAPL,0.1448,15
2022-02-28 17:37:00,AAPL,0.2769,7
2022-03-01 15:16:00,AAPL,-0.4116,15
2022-03-02 09:37:00,AAPL,-0.0384,11
2022-03-03 17:14:00,AAPL,0.0132,15
2022-03-07 17:57:00,AAPL,-0.4932,13
2022-03-08 17:11:00,AAPL,0.1466,18
2022-03-09 15:17:00,AAPL,-0.9789,10
2022-03-11 12:38:00,AAPL,-0.7894,14
2022-03-15 12:16:00,AAPL,-0.1986,6
2022-03-16 11:37:00,AAPL,,11
2022-03-17 17:49:00,AAPL,-0.1343,13
2022-03-18 08:48:00,AAPL,,18
2022-03-22 16:59:00,AAPL,0.3867,9
2022-03-24 17:36:00,AAPL,0.3782,15
2022-03-25 12:22:00,AAPL,-0.0959,11
2022-03-28 12:05:00,AAPL,1.0786,16
2022-03-29 12:59:00,AAPL,-0.3442,11
2022-03-31 12:59:00,AAPL,-0.035,17
2022-04-01 13:48:00,AAPL,0.2748,14
2022-04-05 11:01:00,AAPL,0.9516,9
2022-04-06 14:57:00,AAPL,0.7885,12
2022-04-08 08:38:00,AAPL,-0.549,14
2022-04-11 18:36:00,AAPL,1.0403,12
2022-04-12 16:06:00,AAPL,0.063,60
2022-04-13 08:19:00,AAPL,-0.6645,11
2022-04-14 08:38:00,AAPL,-0.2671,13
2022-04-15 09:30:00,AAPL,-0.0274,19
2022-04-18 13:37:00,AAPL,0.279,11
2022-04-19 08:00:00,AAPL,0.64,15
2022-04-20 16:08:00,AAPL,0.1573,22
2022-04-21 18:34:00,AAPL,0.3366,10
2022-04-22 14:41:00,AAPL,0.23,9
2022-04-25 18:57:00,AAPL,0.2119,12
2022-04-26 17:14:00,AAPL,-0.5348,10
2022-04-27 14:05:00,AAPL,0.2653,9
2022-04-28 15:39:00,AAPL,0.6764,10
2022-05-02 11:30:00,AAPL,-0.3557,14
2022-05-04 11:17:00,AAPL,-0.4029,9
2022-05-05 10:04:00,AAPL,-0.7759,14
2022-05-06 16:01:00,AAPL,-0.016,16
2022-05-10 12:12:00,AAPL,0.9809,13
2022-05-11 15:31:00,AAPL,0.0909,15
2022-05-12 18:48:00,AAPL,0.3218,14
2022-05-13 11:16:00,AAPL,0.7234,12
2022-05-16 09:25:00,AAPL,0.0013,17
2022-05-17 14:27:00,AAPL,0.2368,11
2022-05-20 17:29:00,AAPL,0.3188,8
2022-05-24 18:52:00,AAPL,0.7365,8
2022-05-26 17:43:00,AAPL,0.3753,11
2022-05-30 13:11:00,AAPL,1.0171,11
2022-05-31 19:58:00,AAPL,,15
2022-06-03 16:20:00,AAPL,-0.2651,12
2022-06-06 17:32:00,AAPL,0.4222,6
2022-06-07 10:02:00,AAPL,0.133,13
2022-06-10 09:15:00,AAPL,-0.2676,14
2022-06-13 14:21:00,AAPL,-0.7589,6
2022-06-14 14:40:00,AAPL,-0.3115,13
2022-06-15 11:10:00,AAPL,0.4626,19
2022-06-16 08:07:00,AAPL,0.2968,10
2022-06-17 12:11:00,AAPL,-0.751,13
2022-06-20 13:27:00,AAPL,-0.2777,9
2022-06-21 09:26:00,AAPL,0.7629,6
2022-06-23 16:08:00,AAPL,0.3627,20
2022-06-28 10:01:00,AAPL,0.9929,10
2022-06-29 16:35:00,AAPL,0.0398,15
2022-06-30 19:06:00,AAPL,0.8907,12
2022-07-01 15:42:00,AAPL,-0.1014,11
2022-07-04 10:58:00,AAPL,0.1691,11
2022-07-05 17:08:00,AAPL,-0.4197,10
2022-07-06 12:49:00,AAPL,0.0917,8
2022-07-07 09:03:00,AAPL,-0.6922,12
2022-07-11 18:57:00,AAPL,-0.8663,10
2022-07-12 11:40:00,AAPL,-0.1419,18
2022-07-13 08:41:00,AAPL,-0.0446,12
2022-07-14 15:51:00,AAPL,0.0094,12
2022-07-15 12:06:00,AAPL,-1.04,11
2022-07-18 08:48:00,AAPL,0.0928,13
2022-07-19 13:20:00,AAPL,0.7777,15
2022-07-21 13:50:00,AAPL,0.6662,10
2022-07-22 13:10:00,AAPL,,16
2022-07-25 11:47:00,AAPL,-0.3982,9
2022-07-26 17:28:00,AAPL,-0.2725,10
2022-07-27 17:16:00,AAPL,-0.0935,7
2022-07-28 18:14:00,AAPL,0.8676,13
2022-07-29 09:18:00,AAPL,0.6376,12
2022-08-02 15:08:00,AAPL,-1.0573,14
2022-08-03 17:47:00,AAPL,-0.0671,13
2022-08-05 16:19:00,AAPL,0.5016,9
2022-08-08 19:25:00,AAPL,-0.2318,11
2022-08-10 11:42:00,AAPL,-0.5722,8
2022-08-11 18:32:00,AAPL,-1.6102,18
2022-08-12 13:56:00,AAPL,-0.2907,12
2022-08-15 14:52:00,AAPL,-0.7133,14
2022-08-18 10:59:00,AAPL,0.074,9
2022-08-19 16:44:00,AAPL,0.8186,13
2022-08-23 19:38:00,AAPL,-0.193,15
2022-08-24 14:40:00,AAPL,0.4482,10
2022-08-26 08:10:00,AAPL,-0.6812,12
2022-08-29 19:33:00,AAPL,-0.4344,12
2022-08-30 18:56:00,AAPL,-0.2163,10
2022-08-31 10:22:00,AAPL,-0.2768,10
2022-09-01 08:42:00,AAPL,-0.5573,9
2022-09-02 19:56:00,AAPL,-0.1215,13
2022-09-05 17:36:00,AAPL,0.0617,9
2022-09-06 15:35:00,AAPL,-0.8736,13
2022-09-07 12:48:00,AAPL,-0.5848,13
2022-09-09 08:27:00,AAPL,0.4634,8
2022-09-13 15:26:00,AAPL,0.205,14
2022-09-14 11:43:00,AAPL,0.2195,15
2022-09-15 14:32:00,AAPL,-0.2427,11
2022-09-16 16:08:00,AAPL,0.1257,10
2022-09-19 19:54:00,AAPL,0.0619,9
2022-09-21 18:35:00,AAPL,-0.6729,8
2022-09-23 19:55:00,AAPL,0.2579,12
2022-09-26 14:03:00,AAPL,0.4763,11
2022-09-27 11:56:00,AAPL,-0.5385,13
2022-09-28 13:42:00,AAPL,0.0718,11
2022-09-30 15:38:00,AAPL,0.7165,9
2022-10-03 10:55:00,AAPL,0.125,12
2022-10-04 12:30:00,AAPL,0.4378,11
2022-10-05 09:53:00,AAPL,0.2511,9
2022-10-07 14:01:00,AAPL,-0.2413,20
2022-10-10 19:54:00,AAPL,-0.4201,12
2022-10-11 15:52:00,AAPL,0.6767,18
2022-10-12 15:55:00,AAPL,-0.718,8
2022-10-13 14:15:00,AAPL,0.5005,9
2022-10-14 14:21:00,AAPL,0.1587,11
2022-10-17 10:30:00,AAPL,-0.0008,13
2022-10-19 18:00:00,AAPL,0.3353,16
2022-10-20 08:33:00,AAPL,-0.3832,16
2022-10-26 14:19:00,AAPL,0.2758,7
2022-10-27 19:05:00,AAPL,0.5734,9
2022-10-28 18:56:00,AAPL,0.0621,8
2022-11-01 08:26:00,AAPL,-0.503,10
2022-11-04 19:44:00,AAPL,-0.3112,14
2022-11-07 17:48:00,AAPL,0.9543,9
2022-11-09 17:04:00,AAPL,0.466,12
2022-11-10 18:26:00,AAPL,0.753,14
2022-11-11 16:06:00,AAPL,-0.1819,10
2022-11-14 12:58:00,AAPL,0.2161,11
2022-11-15 13:40:00,AAPL,0.4629,13
2022-11-16 13:56:00,AAPL,0.75,15
2022-11-18 13:29:00,AAPL,0.4406,13
2022-11-21 15:57:00,AAPL,0.2569,12
2022-11-22 14:08:00,AAPL,0.8573,13
2022-11-23 10:39:00,AAPL,,4
2022-11-24 16:44:00,AAPL,-0.2605,10
2022-11-25 12:05:00,AAPL,0.4225,8
2022-11-29 14:36:00,AAPL,-0.1032,12
2022-11-30 19:41:00,AAPL,0.0551,16
2022-12-01 15:42:00,AAPL,0.0649,13
2022-12-06 12:31:00,AAPL,0.1312,8
2022-12-07 12:39:00,AAPL,0.5117,17
2022-12-09 11:26:00,AAPL,0.385,8
2022-12-12 14:37:00,AAPL,0.1728,12
2022-12-13 16:41:00,AAPL,-0.834,90
2022-12-14 12:14:00,AAPL,0.7391,10
2022-12-15 08:56:00,AAPL,0.0827,11
2022-12-16 10:18:00,AAPL,-1.0157,14
2022-12-20 15:39:00,AAPL,-0.9393,12
2022-12-22 08:04:00,AAPL,-0.1863,13
2022-12-26 16:30:00,AAPL,0.1302,11
2022-12-27 12:30:00,AAPL,-1.1875,8
2022-12-29 15:42:00,AAPL,-0.8258,16
2022-12-30 13:33:00,AAPL,0.1454,7
2023-01-02 09:47:00,AAPL,0.7361,14
2023-01-05 08:57:00,AAPL,0.0838,11
2023-01-06 16:05:00,AAPL,0.1129,8
2023-01-09 09:38:00,AAPL,0.0804,18
2023-01-10 16:58:00,AAPL,0.2035,6
2023-01-11 14:18:00,AAPL,-0.0022,12
2023-01-12 10:21:00,AAPL,-0.5861,6
2023-01-13 16:18:00,AAPL,-0.1868,15
2023-01-16 17:08:00,AAPL,-0.702,5
2023-01-17 13:07:00,AAPL,0.1719,13
2023-01-18 08:20:00,AAPL,0.5466,15
2023-01-20 15:15:00,AAPL,0.6541,11
2023-01-23 13:51:00,AAPL,-0.2768,11
2023-01-24 17:38:00,AAPL,-0.2532,18
2023-01-26 16:22:00,AAPL,0.2363,5
2023-01-30 19:56:00,AAPL,0.3272,15
2023-01-31 16:39:00,AAPL,0.5218,14
2023-02-02 09:00:00,AAPL,-0.0325,12
2023-02-06 11:02:00,AAPL,-0.0371,6
2023-02-07 14:15:00,AAPL,-0.1356,11
2023-02-14 10:13:00,AAPL,-0.1207,13
2023-02-15 10:24:00,AAPL,0.6001,16
2023-02-16 13:20:00,AAPL,0.5212,9
2023-02-17 14:12:00,AAPL,0.7141,10
2023-02-20 13:49:00,AAPL,-0.7985,10
2023-02-21 19:55:00,AAPL,-0.088,18
2023-02-22 10:57:00,AAPL,0.0704,8
2023-02-23 10:05:00,AAPL,-0.1913,13
2023-02-24 12:23:00,AAPL,0.5615,25
2023-02-28 08:34:00,AAPL,-0.3566,8
2023-03-01 16:36:00,AAPL,-0.1194,75
2023-03-02 17:55:00,AAPL,0.1927,12
2023-03-03 17:20:00,AAPL,-0.1529,12
2023-03-06 10:20:00,AAPL,0.4956,75
2023-03-07 16:21:00,AAPL,-0.0857,12
2023-03-09 12:04:00,AAPL,-0.5751,12
2023-03-10 17:00:00,AAPL,0.3685,5
2023-03-14 10:29:00,AAPL,0.0388,17
2023-03-15 16:32:00,AAPL,0.2176,9
2023-03-16 10:59:00,AAPL,-0.1826,17
2023-03-17 12:22:00,AAPL,-0.1343,13
2023-03-20 14:34:00,AAPL,-0.7156,15
2023-03-22 10:09:00,AAPL,-0.4414,9
2023-03-23 14:13:00,AAPL,-0.3256,15
2023-03-24 19:59:00,AAPL,-0.8749,8
2023-03-29 14:49:00,AAPL,-0.5395,10
2023-03-30 17:29:00,AAPL,-0.2646,20
2023-03-31 18:13:00,AAPL,-0.8388,8
2023-04-03 16:07:00,AAPL,-0.1973,8
2023-04-05 11:27:00,AAPL,0.5329,65
2023-04-06 17:14:00,AAPL,0.3233,10
2023-04-07 19:08:00,AAPL,0.3686,11
2023-04-10 12:12:00,AAPL,0.6753,9
2023-04-11 12:55:00,AAPL,0.3601,18
2023-04-12 10:57:00,AAPL,-0.8484,9
2023-04-13 11:10:00,AAPL,-0.5487,11
2023-04-14 10:31:00,AAPL,-0.1501,12
2023-04-17 14:17:00,AAPL,-0.0913,11
2023-04-18 11:55:00,AAPL,0.7604,10
2023-04-20 15:46:00,AAPL,0.1163,15
2023-04-24 09:32:00,AAPL,-0.7204,15
2023-04-25 11:43:00,AAPL,1.2477,11
2023-04-26 19:04:00,AAPL,0.4242,8
2023-04-27 13:35:00,AAPL,-0.1921,12
2023-04-28 19:58:00,AAPL,-0.6536,18
2023-05-02 16:57:00,AAPL,-0.4166,15
2023-05-03 12:09:00,AAPL,1.3262,10
2023-05-04 08:54:00,AAPL,-0.4505,11
2023-05-05 12:00:00,AAPL,-0.1114,10
2023-05-10 11:49:00,AAPL,-0.412,11
2023-05-11 13:34:00,AAPL,-0.6321,10
2023-05-12 18:30:00,AAPL,-0.0855,13
2023-05-15 19:46:00,AAPL,0.2485,10
2023-05-16 13:43:00,AAPL,0.0036,15
2023-05-17 18:33:00,AAPL,-0.3804,14
2023-05-19 11:18:00,AAPL,-0.6855,7
2023-05-22 17:45:00,AAPL,-0.5998,18
2023-05-24 17:59:00,AAPL,0.2982,18
2023-05-30 19:40:00,AAPL,-0.3659,15
2023-06-01 11:56:00,AAPL,0.8331,10
2023-06-02 13:00:00,AAPL,0.5154,13
2023-06-05 15:56:00,AAPL,0.0626,6
2023-06-06 16:44:00,AAPL,-0.603,12
2023-06-07 15:12:00,AAPL,0.589,16
2023-06-09 13:09:00,AAPL,-1.553,10
2023-06-12 16:29:00,AAPL,-0.0588,12
2023-06-13 14:15:00,AAPL,0.229,15
2023-06-14 16:24:00,AAPL,1.2166,12
2023-06-15 13:37:00,AAPL,-0.3109,11
2023-06-16 10:25:00,AAPL,0.0239,12
2023-06-20 11:35:00,AAPL,0.0277,10
2023-06-21 17:37:00,AAPL,0.1144,3
2023-06-23 19:58:00,AAPL,-0.3287,14
2023-06-26 15:03:00,AAPL,-0.2782,6
2023-06-27 10:55:00,AAPL,0.3023,7
2023-06-28 08:03:00,AAPL,0.6812,15
2023-06-29 19:04:00,AAPL,-0.0387,19
2023-06-30 11:59:00,AAPL,-0.6958,17
2023-07-04 15:50:00,AAPL,0.6709,13
2023-07-05 17:19:00,AAPL,0.2911,13
2023-07-06 16:55:00,AAPL,0.124,7
2023-07-07 12:37:00,AAPL,-0.3672,11
2023-07-10 15:48:00,AAPL,0.7328,16
2023-07-11 18:42:00,AAPL,0.7299,12
2023-07-12 16:30:00,AAPL,1.0553,8
2023-07-13 19:11:00,AAPL,1.1685,8
2023-07-14 15:26:00,AAPL,0.3786,16
2023-07-18 14:52:00,AAPL,0.4903,8
2023-07-19 10:23:00,AAPL,0.3559,7
2023-07-20 17:22:00,AAPL,-0.2106,15
2023-07-21 14:21:00,AAPL,-1.161,11
2023-07-24 19:06:00,AAPL,-0.5985,12
2023-07-25 11:22:00,AAPL,-0.0137,10
2023-07-27 14:10:00,AAPL,1.0037,11
2023-07-28 11:51:00,AAPL,-0.4629,9
2023-07-31 18:55:00,AAPL,-0.0469,9
2023-08-03 18:01:00,AAPL,-1.1421,15
2023-08-04 19:27:00,AAPL,-0.3518,11
2023-08-07 15:28:00,AAPL,0.6937,9
2023-08-08 10:28:00,AAPL,0.8215,13
2023-08-10 19:20:00,AAPL,0.2985,6
2023-08-11 14:11:00,AAPL,0.6673,12
2023-08-14 09:51:00,AAPL,0.0437,9
2023-08-15 14:43:00,AAPL,0.1977,9
2023-08-16 18:51:00,AAPL,,6
2023-08-17 14:54:00,AAPL,0.0975,22
2023-08-18 19:55:00,AAPL,0.5166,15
2023-08-22 16:13:00,AAPL,-0.1823,12
2023-08-23 14:09:00,AAPL,-1.3195,16
2023-08-24 12:36:00,AAPL,-1.1005,10
2023-08-25 09:09:00,AAPL,,14
2023-08-28 15:11:00,AAPL,0.5807,12
2023-08-29 15:08:00,AAPL,1.013,16
2023-08-30 08:28:00,AAPL,-0.0962,13
2023-08-31 19:50:00,AAPL,-0.6267,12
2023-09-01 15:11:00,AAPL,-1.0724,20
2023-09-06 19:28:00,AAPL,-0.2631,9
2023-09-07 15:00:00,AAPL,,10
2023-09-08 17:04:00,AAPL,0.2426,13
2023-09-11 16:44:00,AAPL,-0.5322,16
2023-09-12 08:18:00,AAPL,-0.2735,7
2023-09-13 12:56:00,AAPL,-0.3272,4
2023-09-15 18:28:00,AAPL,-1.072,22
2023-09-18 13:04:00,AAPL,-0.8393,14
2023-09-19 14:48:00,AAPL,-0.4556,11
2023-09-21 10:58:00,AAPL,-0.4594,15
2023-09-22 14:15:00,AAPL,-0.1793,12
2023-09-25 19:34:00,AAPL,0.4749,12
2023-09-26 10:35:00,AAPL,0.5973,15
2023-09-27 14:08:00,AAPL,-0.4664,18
2023-09-28 18:34:00,AAPL,0.3545,20
2023-09-29 17:26:00,AAPL,0.0591,13
2023-10-02 10:03:00,AAPL,0.5105,15
2023-10-03 08:11:00,AAPL,-0.9509,18
2023-10-05 17:55:00,AAPL,-0.3712,13
2023-10-06 11:39:00,AAPL,-1.6477,10
2023-10-10 09:27:00,AAPL,-0.2647,20
2023-10-12 11:45:00,AAPL,0.065,13
2023-10-16 17:35:00,AAPL,0.9451,10
2023-10-17 19:16:00,AAPL,-0.2942,14
2023-10-18 15:00:00,AAPL,-0.0467,24
2023-10-19 10:52:00,AAPL,0.1781,15
2023-10-20 09:25:00,AAPL,0.1335,7
2023-10-23 16:56:00,AAPL,-0.3647,11
2023-10-24 08:34:00,AAPL,-0.3167,14
2023-10-25 19:03:00,AAPL,1.0888,10
2023-10-26 10:33:00,AAPL,0.2814,13
2023-10-27 15:21:00,AAPL,-0.5527,16
2023-10-30 11:00:00,AAPL,0.36,18
2023-10-31 11:15:00,AAPL,1.6031,13
2023-11-01 11:00:00,AAPL,0.1882,7
2023-11-02 12:03:00,AAPL,0.0511,7
2023-11-06 18:30:00,AAPL,-0.9723,11
2023-11-07 19:29:00,AAPL,-0.4116,14
2023-11-08 13:23:00,AAPL,-0.6366,14
2023-11-10 14:18:00,AAPL,-0.337,7
2023-11-14 16:29:00,AAPL,0.1779,9
2023-11-15 11:45:00,AAPL,0.5868,15
2023-11-16 14:40:00,AAPL,0.0687,10
2023-11-17 10:23:00,AAPL,-0.2273,14
2023-11-20 15:14:00,AAPL,0.4997,17
2023-11-21 10:55:00,AAPL,0.9803,9
2023-11-23 15:40:00,AAPL,-0.143,50
2023-11-24 18:17:00,AAPL,-0.3762,17
2023-11-27 09:13:00,AAPL,-0.037,12
2023-11-28 14:45:00,AAPL,-1.218,10
2023-11-29 17:51:00,AAPL,,5
2023-11-30 10:19:00,AAPL,-0.373,12
2023-12-01 10:44:00,AAPL,0.766,19
2023-12-05 12:43:00,AAPL,0.0692,13
2023-12-06 10:22:00,AAPL,-0.5429,13
2023-12-08 08:52:00,AAPL,0.8119,14
2023-12-11 14:49:00,AAPL,-0.0425,13
2023-12-12 19:10:00,AAPL,0.297,9
2023-12-13 13:40:00,AAPL,-0.7241,7
2023-12-14 13:02:00,AAPL,-0.1597,8
2023-12-18 18:34:00,AAPL,0.0305,17
2023-12-19 10:21:00,AAPL,0.8691,16
2023-12-20 15:26:00,AAPL,0.1669,17
2023-12-21 12:50:00,AAPL,0.5369,15
2023-12-22 11:41:00,AAPL,-0.0965,6
2023-12-25 18:52:00,AAPL,0.3983,13
2023-12-27 08:39:00,AAPL,-0.1196,8
2023-12-28 08:25:00,AAPL,-0.7132,11
2023-12-29 18:32:00,AAPL,-0.0446,11
2024-01-02 15:09:00,AAPL,0.5912,10
2024-01-03 12:53:00,AAPL,-0.1632,13
2024-01-04 17:33:00,AAPL,-0.75,14
2024-01-05 14:16:00,AAPL,1.5338,13
2024-01-08 10:42:00,AAPL,-0.3662,13
2024-01-09 09:33:00,AAPL,-0.3259,15
2024-01-11 18:12:00,AAPL,-0.0559,11
2024-01-12 11:23:00,AAPL,-0.5129,16
2024-01-15 15:06:00,AAPL,0.3261,10
2024-01-17 08:02:00,AAPL,0.8787,12
2024-01-18 15:32:00,AAPL,0.6901,19
2024-01-19 17:23:00,AAPL,0.3816,12
2024-01-23 19:59:00,AAPL,0.6453,9
2024-01-24 15:12:00,AAPL,0.1491,13
2024-01-29 19:18:00,AAPL,0.638,11
2024-01-31 18:23:00,AAPL,-0.5089,7
2024-02-01 19:49:00,AAPL,-0.2114,7
2024-02-05 08:40:00,AAPL,-0.5708,6
2024-02-06 19:14:00,AAPL,0.5707,11
2024-02-08 09:18:00,AAPL,-0.2064,8
2024-02-09 15:10:00,AAPL,0.0345,17
2024-02-12 16:31:00,AAPL,0.2186,16
2024-02-13 14:01:00,AAPL,0.4307,8
2024-02-14 19:39:00,AAPL,0.2603,8
2024-02-15 16:54:00,AAPL,-0.8883,14
2024-02-16 12:54:00,AAPL,0.2969,12
2024-02-19 18:34:00,AAPL,-0.5074,12
2024-02-20 08:05:00,AAPL,-0.0592,14
2024-02-21 16:51:00,AAPL,-0.3769,14
2024-02-22 15:07:00,AAPL,0.4057,9
2024-02-23 09:21:00,AAPL,0.2138,7
2024-02-26 09:14:00,AAPL,0.4339,12
2024-02-27 16:00:00,AAPL,0.7553,7
2024-02-29 08:30:00,AAPL,1.164,16
2024-03-01 18:39:00,AAPL,-0.1132,12
2024-03-04 09:05:00,AAPL,0.9441,8
2024-03-05 10:35:00,AAPL,-0.5315,7
2024-03-07 09:00:00,AAPL,-0.3439,60
2024-03-11 08:49:00,AAPL,0.2575,11
2024-03-12 14:35:00,AAPL,0.605,11
2024-03-14 16:54:00,AAPL,0.0588,11
2024-03-15 13:42:00,AAPL,-0.1009,11
2024-03-20 08:50:00,AAPL,-0.3629,13
2024-03-21 19:45:00,AAPL,0.4083,12
2024-03-22 15:14:00,AAPL,0.6769,17
2024-03-25 15:33:00,AAPL,-0.0533,11
2024-03-27 11:55:00,AAPL,-0.7485,14
2024-03-28 10:16:00,AAPL,0.1505,11
2024-03-29 12:41:00,AAPL,-0.0501,15
2024-04-01 18:15:00,AAPL,-0.0931,11
2024-04-02 16:53:00,AAPL,0.7793,14
2024-04-04 14:36:00,AAPL,-0.268,11
2024-04-05 14:55:00,AAPL,0.3205,11
2024-04-08 11:35:00,AAPL,-0.1501,11
2024-04-10 14:35:00,AAPL,-0.2232,13
2024-04-11 08:28:00,AAPL,0.0937,10
2024-04-12 18:22:00,AAPL,0.0421,9
2024-04-15 11:27:00,AAPL,-0.0769,14
2024-04-16 13:15:00,AAPL,0.4746,13
2024-04-17 18:00:00,AAPL,0.2812,9
2024-04-18 08:45:00,AAPL,0.0577,13
2024-04-19 13:20:00,AAPL,0.2519,11
2024-04-23 11:28:00,AAPL,0.9754,18
2024-04-25 15:45:00,AAPL,-0.0193,13
2024-04-26 15:35:00,AAPL,-0.4049,9
2024-04-29 19:23:00,AAPL,0.0904,9
2024-05-02 09:39:00,AAPL,-0.718,18
2024-05-03 12:53:00,AAPL,-0.6051,13
2024-05-06 08:58:00,AAPL,-0.1023,11
2024-05-09 10:19:00,AAPL,0.0275,17
2024-05-13 14:18:00,AAPL,-0.0955,17
2024-05-14 16:56:00,AAPL,0.3143,5
2024-05-16 09:07:00,AAPL,-0.274,18
2024-05-17 15:25:00,AAPL,0.3942,9
2024-05-20 11:20:00,AAPL,-0.0099,9
2024-05-22 16:00:00,AAPL,-0.6238,10
2024-05-23 08:05:00,AAPL,0.1897,7
2024-05-24 12:58:00,AAPL,0.029,6
2024-05-27 16:52:00,AAPL,,12
2024-05-28 14:07:00,AAPL,1.0116,9
2024-05-29 08:06:00,AAPL,1.2265,13
2024-05-30 12:57:00,AAPL,0.5752,9
2024-06-04 19:19:00,AAPL,-0.5648,13
2024-06-05 10:06:00,AAPL,-0.3968,10
2024-06-07 08:17:00,AAPL,-0.6292,13
2024-06-10 10:25:00,AAPL,0.5093,15
2024-06-11 18:15:00,AAPL,-0.0997,18
2024-06-13 13:20:00,AAPL,-0.3914,8
2024-06-14 12:23:00,AAPL,-0.3634,11
2024-06-17 19:27:00,AAPL,0.3359,10
2024-06-18 15:31:00,AAPL,-0.9885,9
2024-06-19 11:38:00,AAPL,-1.2541,70
2024-06-24 12:54:00,AAPL,0.5963,14
2024-06-25 15:46:00,AAPL,0.2991,13
2024-06-26 09:53:00,AAPL,0.0947,9
2024-06-27 18:07:00,AAPL,0.429,5
2024-06-28 13:21:00,AAPL,-1.1172,10
2024-07-02 14:31:00,AAPL,-0.5068,6
2024-07-03 18:35:00,AAPL,-0.6619,10
2024-07-04 08:09:00,AAPL,-0.3224,10
2024-07-05 15:09:00,AAPL,-0.7722,17
2024-07-08 17:50:00,AAPL,-0.3287,8
2024-07-09 18:02:00,AAPL,-0.5498,9
2024-07-11 18:55:00,AAPL,0.5423,12
2024-07-12 11:16:00,AAPL,-0.0852,12
2024-07-15 16:52:00,AAPL,0.517,14
2024-07-17 09:15:00,AAPL,0.452,11
2024-07-22 08:13:00,AAPL,-0.2431,9
2024-07-23 15:03:00,AAPL,-0.8042,8
2024-07-24 10:43:00,AAPL,-0.2915,80
2024-07-25 10:15:00,AAPL,-0.0507,15
2024-07-26 10:45:00,AAPL,0.1299,19
2024-07-30 08:44:00,AAPL,0.0248,17
2024-08-01 18:31:00,AAPL,0.1288,16
2024-08-02 16:00:00,AAPL,1.0789,6
2024-08-05 18:14:00,AAPL,0.8282,13
2024-08-06 17:23:00,AAPL,-0.2111,13
2024-08-07 17:36:00,AAPL,-0.7939,10
2024-08-09 12:01:00,AAPL,,14
2024-08-13 14:36:00,AAPL,0.0749,14
2024-08-14 19:55:00,AAPL,-0.7055,12
2024-08-15 17:11:00,AAPL,0.038,17
2024-08-16 13:33:00,AAPL,-0.2578,16
2024-08-19 19:54:00,AAPL,-0.803,13
2024-08-21 15:08:00,AAPL,0.4448,17
2024-08-22 13:21:00,AAPL,-0.4101,19
2024-08-23 12:23:00,AAPL,0.347,9
2024-08-26 09:42:00,AAPL,0.0163,14
2024-08-28 11:15:00,AAPL,0.3307,10
2024-08-30 13:06:00,AAPL,0.1849,14
2024-09-02 16:41:00,AAPL,-0.2857,9
2024-09-05 14:06:00,AAPL,-0.0264,14
2024-09-09 13:25:00,AAPL,-0.2246,15
2024-09-10 10:28:00,AAPL,0.4501,10
2024-09-11 17:53:00,AAPL,0.5097,8
2024-09-13 18:19:00,AAPL,-0.3373,13
2024-09-16 16:41:00,AAPL,1.0289,12
2024-09-18 10:30:00,AAPL,0.1946,10
2024-09-19 12:56:00,AAPL,-0.4098,7
2024-09-20 11:20:00,AAPL,-0.6261,14
2024-09-23 10:36:00,AAPL,0.3336,10
2024-09-25 15:12:00,AAPL,-0.2972,11
2024-09-26 17:21:00,AAPL,0.0011,15
2024-09-27 19:27:00,AAPL,0.0378,8
2024-10-01 12:23:00,AAPL,0.8852,8
2024-10-02 19:08:00,AAPL,-0.5223,14
2024-10-03 10:26:00,AAPL,0.4338,13
2024-10-04 18:54:00,AAPL,-0.6329,11
2024-10-07 15:28:00,AAPL,-0.0442,11
2024-10-10 18:07:00,AAPL,-0.0282,5
2024-10-11 12:15:00,AAPL,0.3256,14
2024-10-14 19:27:00,AAPL,0.1945,14
2024-10-15 11:59:00,AAPL,-0.0791,16
2024-10-16 12:05:00,AAPL,0.034,14
2024-10-17 12:33:00,AAPL,0.3173,2
2024-10-18 17:45:00,AAPL,1.2842,11
2024-10-23 13:25:00,AAPL,0.6081,13
2024-10-24 12:45:00,AAPL,-0.1644,50
2024-10-25 15:42:00,AAPL,,16
2024-10-28 09:38:00,AAPL,0.6854,15
2024-10-29 18:08:00,AAPL,0.8276,13
2024-10-30 11:02:00,AAPL,-0.1294,10
2024-10-31 12:29:00,AAPL,0.2855,19
2024-11-01 09:21:00,AAPL,-0.7093,14
2024-11-04 16:58:00,AAPL,-0.3691,15
2024-11-05 14:46:00,AAPL,-0.2783,14
2024-11-07 14:20:00,AAPL,-0.4452,14
2024-11-08 08:41:00,AAPL,-0.2918,15
2024-11-11 14:13:00,AAPL,-0.7288,11
2024-11-13 10:02:00,AAPL,0.2991,10
2024-11-15 19:07:00,AAPL,-0.0715,12
2024-11-18 11:33:00,AAPL,-0.1283,16
2024-11-20 13:48:00,AAPL,-0.4719,8
2024-11-21 16:32:00,AAPL,-0.1106,10
2024-11-22 10:37:00,AAPL,-0.2768,11
2024-11-25 16:00:00,AAPL,,6
2024-11-26 12:36:00,AAPL,0.5497,8
2024-11-27 12:57:00,AAPL,-0.2048,9
2024-11-28 11:03:00,AAPL,,10
2024-12-02 17:38:00,AAPL,-0.3785,15
2024-12-03 17:29:00,AAPL,-0.5097,12
2024-12-04 16:37:00,AAPL,0.1898,12
2024-12-05 11:26:00,AAPL,0.3511,7
2024-12-06 08:50:00,AAPL,,9
2024-12-09 15:37:00,AAPL,-0.0232,16
2024-12-10 10:17:00,AAPL,-0.8672,11
2024-12-11 15:38:00,AAPL,-0.2931,16
2024-12-12 16:08:00,AAPL,-0.9007,14
2024-12-13 17:04:00,AAPL,0.0908,14
2024-12-16 12:20:00,AAPL,-1.0215,13
2024-12-17 12:38:00,AAPL,-0.3321,11
2024-12-18 14:00:00,AAPL,1.1127,11
2024-12-19 19:36:00,AAPL,-0.2327,8
2024-12-20 13:44:00,AAPL,0.0423,9
2024-12-23 19:00:00,AAPL,0.4822,12
2024-12-24 10:45:00,AAPL,0.3857,8
2024-12-25 14:53:00,AAPL,0.2289,13
2024-12-26 17:47:00,AAPL,0.1937,13
2024-12-27 14:40:00,AAPL,0.5068,6
2024-12-31 13:34:00,AAPL,-0.0971,13
