Date,Open,High,Low,Close,Volume
2023-01-01T00:00:00+00:00,16537.5,16618.8,16488.0,16610.3,105502.965
2023-01-02T00:00:00+00:00,16610.4,16799.0,16541.2,16666.0,215161.176
2023-01-03T00:00:00+00:00,16665.9,16774.0,16600.3,16667.2,203070.205
2023-01-04T00:00:00+00:00,16667.3,16984.6,16645.7,16842.1,349747.838
2023-01-05T00:00:00+00:00,16842.2,16872.8,16740.4,16823.8,176369.347
2023-01-06T00:00:00+00:00,16823.8,17030.0,16664.8,16943.8,316973.629
2023-01-07T00:00:00+00:00,16943.9,16973.6,16900.1,16936.5,77973.105
2023-01-08T00:00:00+00:00,16936.5,17181.1,16905.0,17124.7,157717.318
2023-01-09T00:00:00+00:00,17124.6,17387.8,17098.2,17169.7,400277.809
2023-01-10T00:00:00+00:00,17169.6,17485.4,17140.4,17428.8,297320.371
2023-01-11T00:00:00+00:00,17428.8,18013.2,17306.4,17935.7,386277.106
2023-01-12T00:00:00+00:00,17935.6,19120.0,17902.4,18838.0,1040334.76
2023-01-13T00:00:00+00:00,18838.1,19997.8,18711.0,19924.2,806807.8319999999
2023-01-14T00:00:00+00:00,19924.3,21544.0,19882.6,20962.8,1010666.683
2023-01-15T00:00:00+00:00,20962.8,21073.8,20556.0,20882.7,428486.559
2023-01-16T00:00:00+00:00,20882.7,21498.0,20606.6,21188.3,666148.201
2023-01-17T00:00:00+00:00,21188.2,21640.0,20827.8,21130.9,547390.593
2023-01-18T00:00:00+00:00,21130.8,21672.0,20386.0,20680.0,813785.517
2023-01-19T00:00:00+00:00,20680.1,21183.9,20659.9,21068.3,374733.617
2023-01-20T00:00:00+00:00,21068.3,22750.0,20856.4,22661.1,723645.2000000001
2023-01-21T00:00:00+00:00,22661.0,23390.0,22422.0,22781.9,764681.1
2023-01-22T00:00:00+00:00,22781.8,23080.2,22287.0,22704.6,482529.811
2023-01-23T00:00:00+00:00,22704.7,23193.1,22500.0,22913.1,525802.84
2023-01-24T00:00:00+00:00,22913.3,23158.7,22450.0,22627.4,505615.816
2023-01-25T00:00:00+00:00,22627.5,23837.4,22310.5,23060.6,692786.607
2023-01-26T00:00:00+00:00,23060.6,23278.7,22843.8,23001.9,427760.786
2023-01-27T00:00:00+00:00,23001.9,23500.0,22516.6,23068.0,509920.30700000003
2023-01-28T00:00:00+00:00,23068.1,23185.0,22870.8,23015.9,186400.943
2023-01-29T00:00:00+00:00,23016.0,23962.7,22961.5,23740.3,562028.231
2023-01-30T00:00:00+00:00,23740.2,23804.6,22484.2,22819.9,572537.407
2023-01-31T00:00:00+00:00,22819.9,23330.0,22715.3,23119.4,403726.966
2023-02-01T00:00:00+00:00,23119.5,23852.4,22747.0,23730.0,571429.711
2023-02-02T00:00:00+00:00,23730.1,24281.4,23365.0,23493.1,615740.338
2023-02-03T00:00:00+00:00,23493.0,23719.9,23201.0,23424.7,470831.43799999997
2023-02-04T00:00:00+00:00,23424.7,23591.4,23250.0,23322.6,197118.393
2023-02-05T00:00:00+00:00,23322.6,23436.0,22741.0,22929.2,356665.034
2023-02-06T00:00:00+00:00,22929.3,23159.4,22600.0,22757.7,417160.143
2023-02-07T00:00:00+00:00,22757.8,23368.6,22742.4,23234.1,447273.494
2023-02-08T00:00:00+00:00,23234.1,23450.0,22662.9,22955.9,383465.48099999997
2023-02-09T00:00:00+00:00,22955.9,23007.8,21684.7,21793.4,732295.35
2023-02-10T00:00:00+00:00,21793.3,21933.8,21405.0,21618.6,439986.497
2023-02-11T00:00:00+00:00,21618.6,21891.9,21594.4,21851.3,189249.66700000002
2023-02-12T00:00:00+00:00,21851.2,22080.9,21618.0,21771.1,276787.093
2023-02-13T00:00:00+00:00,21771.0,21888.0,21338.0,21766.2,511595.693
2023-02-14T00:00:00+00:00,21766.1,22320.0,21485.2,22187.4,598791.509
2023-02-15T00:00:00+00:00,22187.4,24420.0,22038.5,24332.6,824676.471
2023-02-16T00:00:00+00:00,24332.7,25290.0,23518.0,23526.6,959463.159
2023-02-17T00:00:00+00:00,23526.6,25043.2,23350.0,24581.5,922717.148
2023-02-18T00:00:00+00:00,24581.3,24887.5,24430.6,24636.9,261555.55599999998
2023-02-19T00:00:00+00:00,24636.8,25200.0,24179.4,24265.9,543506.628
2023-02-20T00:00:00+00:00,24265.9,25140.0,23827.0,24849.9,646401.072
2023-02-21T00:00:00+00:00,24849.9,25347.6,24150.0,24443.4,729290.575
2023-02-22T00:00:00+00:00,24443.3,24468.5,23572.0,24171.3,730414.101
2023-02-23T00:00:00+00:00,24171.3,24588.0,23590.0,23928.8,751339.414
2023-02-24T00:00:00+00:00,23928.7,24138.6,22800.0,23175.6,731577.942
2023-02-25T00:00:00+00:00,23175.5,23210.5,22700.0,23146.2,310795.648
2023-02-26T00:00:00+00:00,23146.2,23675.0,23050.0,23545.3,371395.056
2023-02-27T00:00:00+00:00,23545.2,23888.0,23088.0,23480.0,576754.966
2023-02-28T00:00:00+00:00,23480.0,23592.8,23010.0,23129.6,456919.838
2023-03-01T00:00:00+00:00,23129.7,24022.7,23008.4,23619.8,617250.311
2023-03-02T00:00:00+00:00,23619.8,23790.5,23183.0,23457.1,419256.601
2023-03-03T00:00:00+00:00,23457.1,23468.5,21883.2,22342.8,608518.137
2023-03-04T00:00:00+00:00,22342.8,22400.0,22147.5,22335.7,175309.211
2023-03-05T00:00:00+00:00,22335.8,22650.0,22174.9,22419.4,282261.745
2023-03-06T00:00:00+00:00,22419.3,22594.5,22240.1,22397.1,298976.397
2023-03-07T00:00:00+00:00,22397.1,22550.0,21908.0,22187.1,548494.0989999999
2023-03-08T00:00:00+00:00,22187.1,22276.4,21540.5,21695.4,547867.967
2023-03-09T00:00:00+00:00,21695.3,21823.0,20003.5,20348.3,951903.36
2023-03-10T00:00:00+00:00,20348.4,20351.8,19521.6,20140.3,1238135.265
2023-03-11T00:00:00+00:00,20140.3,20674.5,19752.5,20447.3,753479.558
2023-03-12T00:00:00+00:00,20447.3,22184.0,20262.2,21986.2,881522.402
2023-03-13T00:00:00+00:00,21986.2,24517.2,21804.0,24119.5,1534982.176
2023-03-14T00:00:00+00:00,24119.5,26489.9,23951.0,24682.5,1572562.635
2023-03-15T00:00:00+00:00,24682.5,25200.0,23888.0,24288.0,1102056.429
2023-03-16T00:00:00+00:00,24287.9,25167.9,24120.5,24990.4,735446.946
2023-03-17T00:00:00+00:00,24990.5,27763.4,24875.3,27384.0,1341159.064
2023-03-18T00:00:00+00:00,27383.9,27726.4,26555.5,26907.0,740232.316
2023-03-19T00:00:00+00:00,26907.0,28397.0,26815.9,27955.7,759367.078
2023-03-20T00:00:00+00:00,27955.8,28483.2,27120.6,27704.1,937223.448
2023-03-21T00:00:00+00:00,27704.1,28460.0,27288.0,28091.1,685487.714
2023-03-22T00:00:00+00:00,28091.1,28881.0,26590.0,27233.8,1080393.27
2023-03-23T00:00:00+00:00,27233.8,28777.0,27101.0,28284.1,808174.047
2023-03-24T00:00:00+00:00,28284.0,28369.1,26960.0,27438.9,696075.37
2023-03-25T00:00:00+00:00,27439.0,27788.0,27131.8,27447.3,335674.055
2023-03-26T00:00:00+00:00,27447.2,28186.9,27400.0,27954.3,399756.985
2023-03-27T00:00:00+00:00,27954.3,28019.4,26480.0,27112.0,642434.822
2023-03-28T00:00:00+00:00,27112.0,27500.0,26610.0,27249.7,585080.772
2023-03-29T00:00:00+00:00,27249.7,28649.9,27223.6,28338.5,655852.971
2023-03-30T00:00:00+00:00,28338.6,29184.8,27654.1,28015.0,770966.1
2023-03-31T00:00:00+00:00,28015.0,28675.3,27500.0,28454.9,611557.29
2023-04-01T00:00:00+00:00,28454.8,28845.3,28180.0,28443.8,256487.222
2023-04-02T00:00:00+00:00,28443.7,28516.5,27820.0,28161.2,316658.67
2023-04-03T00:00:00+00:00,28161.3,28540.0,27166.0,27786.1,741665.563
2023-04-04T00:00:00+00:00,27786.1,28450.0,27650.2,28155.2,432370.612
2023-04-05T00:00:00+00:00,28155.1,28800.0,27775.0,28154.0,543712.838
2023-04-06T00:00:00+00:00,28154.0,28175.0,27684.2,28022.8,355916.782
2023-04-07T00:00:00+00:00,28022.9,28096.0,27755.0,27890.7,219250.17799999999
2023-04-08T00:00:00+00:00,27890.7,28153.6,27850.1,27924.9,159129.56
2023-04-09T00:00:00+00:00,27924.9,28539.1,27762.8,28309.4,305861.88
2023-04-10T00:00:00+00:00,28309.4,29840.0,28153.6,29623.1,580061.925
2023-04-11T00:00:00+00:00,29623.1,30564.0,29573.9,30185.1,628978.491
2023-04-12T00:00:00+00:00,30185.1,30480.0,29620.0,29875.0,563668.43
2023-04-13T00:00:00+00:00,29874.9,30648.9,29836.7,30362.7,436182.494
2023-04-14T00:00:00+00:00,30362.7,31059.0,29925.0,30453.1,615391.615
2023-04-15T00:00:00+00:00,30453.0,30599.9,30186.0,30280.4,180234.082
2023-04-16T00:00:00+00:00,30280.4,30560.0,30102.0,30286.6,210226.019
2023-04-17T00:00:00+00:00,30286.6,30307.4,29219.9,29420.0,455518.548
2023-04-18T00:00:00+00:00,29420.1,30480.0,29078.1,30365.8,533189.27
2023-04-19T00:00:00+00:00,30365.8,30410.0,28557.3,28795.1,643866.11
2023-04-20T00:00:00+00:00,28795.0,29078.0,27983.0,28229.9,639179.286
2023-04-21T00:00:00+00:00,28229.9,28368.9,27100.0,27252.5,687832.833
2023-04-22T00:00:00+00:00,27252.6,27888.0,27126.0,27807.2,345549.021
2023-04-23T00:00:00+00:00,27807.2,27807.3,27279.7,27576.0,332082.355
2023-04-24T00:00:00+00:00,27575.9,28000.0,26919.3,27497.5,581268.268
2023-04-25T00:00:00+00:00,27497.4,28379.9,27176.6,28286.7,508254.515
2023-04-26T00:00:00+00:00,28286.7,30048.2,27200.0,28395.9,1284924.668
2023-04-27T00:00:00+00:00,28396.0,29898.0,28365.3,29459.0,952584.7390000001
2023-04-28T00:00:00+00:00,29459.0,29591.1,28870.0,29300.0,508350.155
2023-04-29T00:00:00+00:00,29300.0,29443.9,29000.4,29212.7,218013.244
2023-04-30T00:00:00+00:00,29212.7,29950.0,29067.4,29223.0,417798.846
2023-05-01T00:00:00+00:00,29223.0,29325.5,27650.0,28054.4,624974.488
2023-05-02T00:00:00+00:00,28054.5,28888.0,27854.0,28656.5,513546.26900000003
2023-05-03T00:00:00+00:00,28656.4,29258.4,28080.0,29018.4,676466.23
2023-05-04T00:00:00+00:00,29018.4,29380.0,28660.0,28826.0,426425.584
2023-05-05T00:00:00+00:00,28826.0,29693.0,28618.3,29491.5,578485.177
2023-05-06T00:00:00+00:00,29491.5,29840.0,28333.0,28837.8,475628.901
2023-05-07T00:00:00+00:00,28837.9,29137.0,28370.0,28419.4,308410.64300000004
2023-05-08T00:00:00+00:00,28419.5,28624.6,27250.0,27659.8,658188.777
2023-05-09T00:00:00+00:00,27659.8,27815.6,27316.8,27610.2,367664.686
2023-05-10T00:00:00+00:00,27610.2,28297.0,26666.6,27582.9,722502.676
2023-05-11T00:00:00+00:00,27583.0,27630.0,26688.8,26956.4,538822.363
2023-05-12T00:00:00+00:00,26956.4,27090.0,25751.0,26785.1,615645.508
2023-05-13T00:00:00+00:00,26785.2,27051.5,26674.9,26762.7,242694.929
2023-05-14T00:00:00+00:00,26762.8,27200.0,26557.0,26901.9,247579.427
2023-05-15T00:00:00+00:00,26901.9,27650.0,26694.4,27152.5,450263.076
2023-05-16T00:00:00+00:00,27152.5,27284.7,26832.0,27024.8,373172.951
2023-05-17T00:00:00+00:00,27024.7,27500.0,26527.5,27395.8,490065.218
2023-05-18T00:00:00+00:00,27395.7,27482.7,26335.3,26809.3,544971.979
2023-05-19T00:00:00+00:00,26809.4,27180.0,26611.2,26870.1,324097.956
2023-05-20T00:00:00+00:00,26870.1,27144.4,26813.5,27089.5,137515.354
2023-05-21T00:00:00+00:00,27089.6,27288.0,26642.0,26732.8,238776.425
2023-05-22T00:00:00+00:00,26732.8,27097.8,26500.0,26840.2,328030.52
2023-05-23T00:00:00+00:00,26840.2,27527.5,26782.6,27209.9,369176.618
2023-05-24T00:00:00+00:00,27209.9,27212.9,26060.0,26313.8,535191.677
2023-05-25T00:00:00+00:00,26313.9,26644.0,25850.0,26461.8,394535.22500000003
2023-05-26T00:00:00+00:00,26461.7,26925.0,26313.9,26689.9,324475.546
2023-05-27T00:00:00+00:00,26689.8,26890.0,26528.6,26841.6,163681.935
2023-05-28T00:00:00+00:00,26841.6,28252.8,26746.0,28055.7,440115.394
2023-05-29T00:00:00+00:00,28055.8,28442.0,27513.5,27722.0,411290.549
2023-05-30T00:00:00+00:00,27722.1,28038.6,27530.0,27680.1,334379.313
2023-05-31T00:00:00+00:00,27680.0,27825.0,26826.0,27201.1,471381.89
2023-06-01T00:00:00+00:00,27201.1,27347.9,26600.0,26805.3,404787.572
2023-06-02T00:00:00+00:00,26805.3,27290.0,26477.6,27227.8,391110.093
2023-06-03T00:00:00+00:00,27227.8,27340.2,26900.0,27054.9,182464.1
2023-06-04T00:00:00+00:00,27054.9,27460.0,26935.3,27102.4,218271.544
2023-06-05T00:00:00+00:00,27102.4,27125.0,25360.1,25714.7,700502.5480000001
2023-06-06T00:00:00+00:00,25714.6,27358.1,25321.6,27221.5,731445.649
2023-06-07T00:00:00+00:00,27221.5,27394.4,26111.0,26325.9,660044.537
2023-06-08T00:00:00+00:00,26325.9,26800.0,26195.4,26485.9,333104.839
2023-06-09T00:00:00+00:00,26486.0,26775.0,26236.0,26468.1,283719.198
2023-06-10T00:00:00+00:00,26468.2,26525.0,25300.0,25826.6,608917.569
2023-06-11T00:00:00+00:00,25826.6,26199.0,25621.3,25909.9,279365.563
2023-06-12T00:00:00+00:00,25910.0,26097.7,25600.0,25894.8,298900.468
2023-06-13T00:00:00+00:00,25894.8,26430.5,25708.0,25918.0,434536.754
2023-06-14T00:00:00+00:00,25918.0,26099.3,24796.8,25115.9,464681.60199999996
2023-06-15T00:00:00+00:00,25115.9,25750.0,24777.0,25586.1,473971.375
2023-06-16T00:00:00+00:00,25586.0,26526.9,25142.1,26336.0,533144.956
2023-06-17T00:00:00+00:00,26335.9,26900.0,26170.8,26508.9,305738.396
2023-06-18T00:00:00+00:00,26508.8,26709.4,26230.9,26329.7,241977.484
2023-06-19T00:00:00+00:00,26329.6,27077.0,26241.2,26828.5,400533.758
2023-06-20T00:00:00+00:00,26828.6,28397.8,26633.9,28290.6,758176.297
2023-06-21T00:00:00+00:00,28290.7,30822.0,28236.4,29988.5,1123474.427
2023-06-22T00:00:00+00:00,29988.5,30488.0,29500.1,29875.0,561051.742
2023-06-23T00:00:00+00:00,29875.0,31500.0,29792.0,30673.4,699073.071
2023-06-24T00:00:00+00:00,30673.5,30796.5,30222.0,30524.2,279539.288
2023-06-25T00:00:00+00:00,30524.2,31053.2,30252.6,30458.0,301533.154
2023-06-26T00:00:00+00:00,30458.0,30667.3,29890.1,30260.1,415099.356
2023-06-27T00:00:00+00:00,30260.1,30998.5,30213.0,30683.2,406073.348
2023-06-28T00:00:00+00:00,30683.2,30701.8,29804.6,30066.3,416656.434
2023-06-29T00:00:00+00:00,30066.3,30837.0,30036.1,30439.9,382072.846
2023-06-30T00:00:00+00:00,30439.9,31300.0,29500.0,30460.2,809331.305
2023-07-01T00:00:00+00:00,30460.2,30668.2,30311.3,30573.6,135520.24599999998
2023-07-02T00:00:00+00:00,30573.6,30800.0,30149.9,30612.7,231866.188
2023-07-03T00:00:00+00:00,30612.7,31395.2,30559.4,31149.0,370293.23600000003
2023-07-04T00:00:00+00:00,31149.0,31319.4,30600.0,30756.1,300832.26
2023-07-05T00:00:00+00:00,30756.1,30875.2,30175.8,30488.4,294896.578
2023-07-06T00:00:00+00:00,30488.4,31568.0,29818.0,29874.4,721267.219
2023-07-07T00:00:00+00:00,29874.3,30443.6,29680.0,30327.9,337801.654
2023-07-08T00:00:00+00:00,30328.0,30380.0,30026.8,30269.3,138734.493
2023-07-09T00:00:00+00:00,30269.2,30443.4,30042.0,30147.8,162296.263
2023-07-10T00:00:00+00:00,30147.8,31040.0,29928.8,30396.9,429115.537
2023-07-11T00:00:00+00:00,30396.9,30804.9,30261.4,30608.4,298904.747
2023-07-12T00:00:00+00:00,30608.3,30980.5,30186.0,30368.9,425058.257
2023-07-13T00:00:00+00:00,30368.9,31850.0,30233.0,31441.7,696023.51
2023-07-14T00:00:00+00:00,31441.6,31640.0,29876.6,30293.3,538692.246
2023-07-15T00:00:00+00:00,30293.3,30380.0,30220.2,30276.4,111622.474
2023-07-16T00:00:00+00:00,30276.5,30441.6,30050.0,30216.8,173805.94
2023-07-17T00:00:00+00:00,30216.9,30329.7,29630.0,30126.1,344113.427
2023-07-18T00:00:00+00:00,30126.0,30227.5,29400.0,29845.6,337396.417
2023-07-19T00:00:00+00:00,29845.7,30178.5,29745.0,29895.5,298418.854
2023-07-20T00:00:00+00:00,29895.5,30420.0,29468.8,29791.0,410263.76399999997
2023-07-21T00:00:00+00:00,29791.0,30056.2,29705.9,29891.4,221145.074
2023-07-22T00:00:00+00:00,29891.5,29986.0,29602.2,29783.5,143375.956
2023-07-23T00:00:00+00:00,29783.5,30368.2,29718.9,30070.8,224713.846
2023-07-24T00:00:00+00:00,30070.9,30091.7,28830.0,29163.8,434182.417
2023-07-25T00:00:00+00:00,29163.8,29379.5,29033.0,29216.3,196438.618
2023-07-26T00:00:00+00:00,29216.2,29670.5,29083.0,29336.0,318527.582
2023-07-27T00:00:00+00:00,29336.0,29558.4,29065.5,29209.7,223376.534
2023-07-28T00:00:00+00:00,29209.8,29535.7,29112.8,29299.9,221299.867
2023-07-29T00:00:00+00:00,29300.0,29397.9,29237.5,29339.1,87100.719
2023-07-30T00:00:00+00:00,29339.1,29442.5,29006.0,29271.1,169901.253
2023-07-31T00:00:00+00:00,29271.2,29525.8,29100.0,29220.8,230381.722
2023-08-01T00:00:00+00:00,29220.8,29735.0,28550.0,29701.2,442328.643
2023-08-02T00:00:00+00:00,29701.2,30059.9,28906.3,29170.1,491725.49199999997
2023-08-03T00:00:00+00:00,29170.2,29440.0,28955.4,29180.2,251967.94199999998
2023-08-04T00:00:00+00:00,29180.1,29323.8,28780.0,29101.1,229395.673
2023-08-05T00:00:00+00:00,29101.1,29145.0,28960.0,29057.7,82508.624
2023-08-06T00:00:00+00:00,29057.7,29199.0,28978.5,29075.9,103094.44
2023-08-07T00:00:00+00:00,29075.9,29274.5,28682.3,29202.7,297752.439
2023-08-08T00:00:00+00:00,29202.7,30250.0,29132.4,29759.0,459269.801
2023-08-09T00:00:00+00:00,29758.9,30149.7,29362.0,29572.8,362009.701
2023-08-10T00:00:00+00:00,29572.9,29729.8,29303.7,29443.7,234546.038
2023-08-11T00:00:00+00:00,29443.7,29565.1,29220.0,29415.5,179044.008
2023-08-12T00:00:00+00:00,29415.5,29470.0,29360.0,29420.7,56238.034999999996
2023-08-13T00:00:00+00:00,29420.8,29463.0,29256.6,29293.3,84190.505
2023-08-14T00:00:00+00:00,29293.3,29686.7,29070.0,29419.5,295035.383
2023-08-15T00:00:00+00:00,29419.5,29492.1,29050.0,29188.8,191289.959
2023-08-16T00:00:00+00:00,29188.9,29257.4,28705.1,28714.4,280542.952
2023-08-17T00:00:00+00:00,28714.4,28775.9,24581.0,26609.7,868508.22
2023-08-18T00:00:00+00:00,26609.7,26818.0,25600.0,26042.1,522375.316
2023-08-19T00:00:00+00:00,26042.0,26269.4,25783.4,26088.3,202219.153
2023-08-20T00:00:00+00:00,26088.4,26285.0,25948.5,26175.9,141089.85
2023-08-21T00:00:00+00:00,26175.9,26280.0,25800.0,26115.4,232505.26499999998
2023-08-22T00:00:00+00:00,26115.4,26128.2,25280.0,26044.4,313113.576
2023-08-23T00:00:00+00:00,26044.5,26806.0,25800.0,26419.2,412969.028
2023-08-24T00:00:00+00:00,26419.2,26568.3,25835.0,26164.6,286753.337
2023-08-25T00:00:00+00:00,26164.6,26300.0,25754.4,26051.7,274830.494
2023-08-26T00:00:00+00:00,26051.7,26129.4,25969.0,26004.3,63925.862
2023-08-27T00:00:00+00:00,26004.3,26173.6,25955.6,26087.7,86505.398
2023-08-28T00:00:00+00:00,26087.6,26244.6,25850.4,26106.5,219992.051
2023-08-29T00:00:00+00:00,26106.5,28168.0,25905.2,27700.1,700233.946
2023-08-30T00:00:00+00:00,27700.1,27758.2,26950.0,27290.4,315313.916
2023-08-31T00:00:00+00:00,27290.4,27674.3,25617.8,25928.0,502906.277
2023-09-01T00:00:00+00:00,25928.0,26151.6,25312.0,25795.6,361184.924
2023-09-02T00:00:00+00:00,25795.6,25975.0,25740.6,25855.8,107642.864
2023-09-03T00:00:00+00:00,25855.8,26135.2,25777.0,25962.1,133016.832
2023-09-04T00:00:00+00:00,25962.1,26099.3,25610.0,25814.0,173147.873
2023-09-05T00:00:00+00:00,25814.0,25900.0,25531.2,25779.7,186639.945
2023-09-06T00:00:00+00:00,25779.7,26052.0,25326.0,25747.4,251122.66
2023-09-07T00:00:00+00:00,25747.4,26451.0,25602.3,26240.7,257349.902
2023-09-08T00:00:00+00:00,26240.7,26437.5,25630.0,25899.8,249269.761
2023-09-09T00:00:00+00:00,25899.9,25940.6,25781.5,25892.6,67909.81
2023-09-10T00:00:00+00:00,25892.6,26037.3,25508.7,25828.4,162972.413
2023-09-11T00:00:00+00:00,25828.4,25895.0,24888.0,25150.4,427216.374
2023-09-12T00:00:00+00:00,25150.4,26580.0,25116.4,25825.8,592049.678
2023-09-13T00:00:00+00:00,25825.8,26400.0,25750.0,26209.9,335252.718
2023-09-14T00:00:00+00:00,26209.9,26880.0,26106.6,26510.3,380666.471
2023-09-15T00:00:00+00:00,26510.3,26890.0,26206.6,26591.1,251656.77
2023-09-16T00:00:00+00:00,26591.1,26763.5,26430.0,26546.9,140482.465
2023-09-17T00:00:00+00:00,26547.0,26614.3,26377.4,26514.2,114239.394
2023-09-18T00:00:00+00:00,26514.2,27397.0,26358.6,26749.9,472539.032
2023-09-19T00:00:00+00:00,26749.9,27480.0,26653.2,27196.0,433511.747
2023-09-20T00:00:00+00:00,27195.9,27381.0,26740.0,27107.7,348921.447
2023-09-21T00:00:00+00:00,27107.7,27149.0,26360.1,26552.6,317992.869
2023-09-22T00:00:00+00:00,26552.6,26737.7,26452.9,26566.7,173534.648
2023-09-23T00:00:00+00:00,26566.7,26620.6,26492.2,26563.1,57836.484
2023-09-24T00:00:00+00:00,26563.0,26739.9,26081.0,26232.4,146632.773
2023-09-25T00:00:00+00:00,26232.4,26440.0,25965.0,26290.5,268385.836
2023-09-26T00:00:00+00:00,26290.5,26388.0,26073.8,26208.8,180491.169
2023-09-27T00:00:00+00:00,26208.7,26849.9,26050.0,26359.6,353002.83999999997
2023-09-28T00:00:00+00:00,26359.6,27308.7,26325.2,27011.8,429587.858
2023-09-29T00:00:00+00:00,27011.7,27231.5,26625.0,26890.9,277397.643
2023-09-30T00:00:00+00:00,26890.9,27085.0,26870.4,26950.9,92317.154
2023-10-01T00:00:00+00:00,26951.0,28365.2,26939.0,27981.4,240382.946
2023-10-02T00:00:00+00:00,27981.4,28613.0,27255.0,27477.6,593277.72
2023-10-03T00:00:00+00:00,27477.7,27665.0,27123.0,27412.0,283077.899
2023-10-04T00:00:00+00:00,27412.0,27830.0,27163.9,27759.8,280784.322
2023-10-05T00:00:00+00:00,27759.7,28110.0,27333.5,27398.4,370190.087
2023-10-06T00:00:00+00:00,27398.3,28450.0,27156.0,27916.3,438445.904
2023-10-07T00:00:00+00:00,27916.3,28018.7,27822.1,27943.0,117049.145
2023-10-08T00:00:00+00:00,27943.0,28082.0,27671.0,27901.2,178380.307
2023-10-09T00:00:00+00:00,27901.2,27977.0,27250.0,27578.3,314316.581
2023-10-10T00:00:00+00:00,27578.4,27727.3,27281.0,27381.2,239779.496
2023-10-11T00:00:00+00:00,27381.3,27467.6,26525.0,26864.5,388186.571
2023-10-12T00:00:00+00:00,26864.5,26939.0,26534.8,26744.0,220279.04
2023-10-13T00:00:00+00:00,26744.0,27120.8,26670.1,26849.8,243222.154
2023-10-14T00:00:00+00:00,26849.7,26986.4,26773.1,26836.3,82164.781
2023-10-15T00:00:00+00:00,26836.4,27456.1,26790.4,27139.8,160000.462
2023-10-16T00:00:00+00:00,27139.8,30720.0,27095.4,28486.3,823003.782
2023-10-17T00:00:00+00:00,28486.3,28605.0,28055.0,28381.9,314189.758
2023-10-18T00:00:00+00:00,28382.0,29100.0,28126.6,28307.1,297176.62799999997
2023-10-19T00:00:00+00:00,28307.2,28933.4,28076.0,28696.9,333673.207
2023-10-20T00:00:00+00:00,28697.0,30243.0,28560.0,29653.0,551005.327
2023-10-21T00:00:00+00:00,29653.0,30374.6,29443.5,29895.4,258195.956
2023-10-22T00:00:00+00:00,29895.4,30229.7,29606.6,29981.5,198602.758
2023-10-23T00:00:00+00:00,29981.4,35981.9,29869.4,33074.0,987741.536
2023-10-24T00:00:00+00:00,33074.0,35300.0,32833.5,33917.0,921993.063
2023-10-25T00:00:00+00:00,33917.0,35154.3,33660.6,34487.7,465367.144
2023-10-26T00:00:00+00:00,34487.8,34828.7,33750.0,34154.0,339552.964
2023-10-27T00:00:00+00:00,34154.0,34253.3,33350.0,33893.1,278052.978
2023-10-28T00:00:00+00:00,33893.2,34535.8,33867.4,34086.6,138314.932
2023-10-29T00:00:00+00:00,34086.7,34773.8,33933.0,34528.6,175897.55
2023-10-30T00:00:00+00:00,34528.6,34888.2,34050.0,34483.8,281841.348
2023-10-31T00:00:00+00:00,34483.8,34744.7,34016.8,34651.4,272450.567
2023-11-01T00:00:00+00:00,34651.4,35734.0,34076.0,35437.4,469214.787
2023-11-02T00:00:00+00:00,35437.5,35999.9,34300.0,34940.1,410221.727
2023-11-03T00:00:00+00:00,34940.1,34944.9,34123.0,34700.4,306048.199
2023-11-04T00:00:00+00:00,34700.5,35270.0,34571.6,35069.7,140746.874
2023-11-05T00:00:00+00:00,35069.7,35455.2,34356.0,35025.5,231363.339
2023-11-06T00:00:00+00:00,35025.5,35299.9,34743.2,35057.4,202227.215
2023-11-07T00:00:00+00:00,35057.5,35921.7,34520.3,35406.5,343525.95
2023-11-08T00:00:00+00:00,35406.5,36150.0,35073.0,35626.7,334779.449
2023-11-09T00:00:00+00:00,35626.7,38499.9,35304.0,36719.5,778877.9369999999
2023-11-10T00:00:00+00:00,36719.6,37570.0,36350.0,37330.4,299373.892
2023-11-11T00:00:00+00:00,37330.3,37422.2,36588.0,37162.1,159239.284
2023-11-12T00:00:00+00:00,37162.1,37258.4,36753.6,37085.5,118890.045
2023-11-13T00:00:00+00:00,37085.6,37464.8,36350.0,36486.2,257075.648
2023-11-14T00:00:00+00:00,36486.2,36779.9,34446.3,35559.0,397265.8
2023-11-15T00:00:00+00:00,35559.1,38000.0,35388.0,37885.6,423818.57
2023-11-16T00:00:00+00:00,37885.5,37956.5,35486.1,36176.0,434444.366
2023-11-17T00:00:00+00:00,36176.0,37020.5,35868.3,36621.9,319943.051
2023-11-18T00:00:00+00:00,36621.9,36900.0,36196.0,36580.9,121720.922
2023-11-19T00:00:00+00:00,36580.9,37528.2,36380.0,37375.9,154713.00699999998
2023-11-20T00:00:00+00:00,37375.8,37784.7,36600.0,37462.5,310504.037
2023-11-21T00:00:00+00:00,37462.6,37675.0,35720.0,35737.0,450731.16
2023-11-22T00:00:00+00:00,35737.0,37880.0,35610.7,37413.4,338189.618
2023-11-23T00:00:00+00:00,37413.5,37650.0,36856.3,37294.3,185369.931
2023-11-24T00:00:00+00:00,37294.4,38425.0,37257.3,37706.3,351031.723
2023-11-25T00:00:00+00:00,37706.3,37886.5,37570.9,37766.6,82589.329
2023-11-26T00:00:00+00:00,37766.7,37807.6,37126.0,37437.9,173758.644
2023-11-27T00:00:00+00:00,37437.9,37560.0,36700.0,37234.3,266112.699
2023-11-28T00:00:00+00:00,37234.4,38395.0,36856.0,37812.1,318426.327
2023-11-29T00:00:00+00:00,37812.0,38500.0,37551.8,37837.1,261631.881
2023-11-30T00:00:00+00:00,37837.2,38132.0,37442.9,37716.8,191188.87099999998
2023-12-01T00:00:00+00:00,37716.9,38989.0,37600.0,38660.0,342361.994
2023-12-02T00:00:00+00:00,38659.9,39900.0,38613.5,39435.0,213210.31100000002
2023-12-03T00:00:00+00:00,39435.1,40410.1,39255.2,39979.7,221917.905
2023-12-04T00:00:00+00:00,39979.8,42440.0,39970.4,41993.1,602492.859
2023-12-05T00:00:00+00:00,41993.1,44528.1,41393.5,44081.7,575038.041
2023-12-06T00:00:00+00:00,44081.7,44349.8,43377.0,43774.8,383957.738
2023-12-07T00:00:00+00:00,43775.1,44066.7,42815.0,43296.0,346421.958
2023-12-08T00:00:00+00:00,43296.0,44779.3,43100.0,44209.5,281880.593
2023-12-09T00:00:00+00:00,44209.6,44389.2,43555.0,43734.3,189339.656
2023-12-10T00:00:00+00:00,43734.2,44099.2,43552.5,43810.0,144548.259
2023-12-11T00:00:00+00:00,43810.1,43833.4,40228.3,41271.0,620753.439
2023-12-12T00:00:00+00:00,41271.1,42125.0,40711.0,41515.0,356541.118
2023-12-13T00:00:00+00:00,41514.9,43517.6,40556.0,42875.0,396710.29600000003
2023-12-14T00:00:00+00:00,42875.0,43450.1,41140.0,43032.4,361628.325
2023-12-15T00:00:00+00:00,43032.3,43098.0,41668.0,41968.0,257177.013
2023-12-16T00:00:00+00:00,41968.0,42756.7,41638.1,42287.4,160549.459
2023-12-17T00:00:00+00:00,42287.4,42476.0,41248.3,41396.5,224722.851
2023-12-18T00:00:00+00:00,41396.6,42795.3,40553.8,42671.7,375385.675
2023-12-19T00:00:00+00:00,42671.8,43550.0,41835.4,42298.3,315311.844
2023-12-20T00:00:00+00:00,42298.2,44384.6,42218.3,43708.9,377008.923
2023-12-21T00:00:00+00:00,43708.9,44287.2,43317.2,43896.3,276922.15499999997
2023-12-22T00:00:00+00:00,43896.4,44484.0,43430.4,43999.2,238341.933
2023-12-23T00:00:00+00:00,43999.2,44023.0,43304.2,43725.2,120792.199
2023-12-24T00:00:00+00:00,43725.2,43994.8,42550.0,43008.4,179967.251
2023-12-25T00:00:00+00:00,43008.4,43850.0,42755.4,43611.9,184210.274
2023-12-26T00:00:00+00:00,43611.9,43635.1,41597.0,42538.5,295583.678
2023-12-27T00:00:00+00:00,42538.6,43700.0,42145.7,43453.8,251351.538
2023-12-28T00:00:00+00:00,43453.8,43850.0,42320.5,42600.1,257515.182
2023-12-29T00:00:00+00:00,42600.1,43171.9,41283.2,42095.1,337421.865
2023-12-30T00:00:00+00:00,42095.1,42654.6,41550.0,42174.2,183890.67
2023-12-31T00:00:00+00:00,42174.3,42951.0,42001.0,42314.0,173508.289
2024-01-01T00:00:00+00:00,42314.0,44266.0,42207.9,44230.2,206424.144
2024-01-02T00:00:00+00:00,44230.3,45950.0,44200.9,44979.8,459798.523
2024-01-03T00:00:00+00:00,44979.7,45582.3,40333.0,42849.5,595855.225
2024-01-04T00:00:00+00:00,42849.5,44840.8,42625.0,44143.8,333923.098
2024-01-05T00:00:00+00:00,44143.8,44500.0,42300.0,44145.4,374967.79099999997
2024-01-06T00:00:00+00:00,44145.3,44214.6,43391.3,43956.7,138542.797
2024-01-07T00:00:00+00:00,43956.6,44486.9,43557.5,43916.9,180710.714
2024-01-08T00:00:00+00:00,43916.9,47312.0,43158.1,46972.7,495087.983
2024-01-09T00:00:00+00:00,46972.6,48100.0,44417.2,46114.0,513362.773
2024-01-10T00:00:00+00:00,46113.9,47699.3,44291.5,46662.9,668657.474
2024-01-11T00:00:00+00:00,46663.0,49027.5,45600.0,46337.8,596698.379
2024-01-12T00:00:00+00:00,46337.9,46536.2,41370.0,42788.9,575943.258
2024-01-13T00:00:00+00:00,42789.0,43273.4,42445.7,42846.4,207737.326
2024-01-14T00:00:00+00:00,42846.4,43096.1,41713.5,41734.9,181096.968
2024-01-15T00:00:00+00:00,41734.9,43376.0,41720.0,42515.0,240059.141
2024-01-16T00:00:00+00:00,42515.0,43589.0,42050.0,43133.0,287207.233
2024-01-17T00:00:00+00:00,43133.0,43198.0,42200.0,42783.4,209396.081
2024-01-18T00:00:00+00:00,42783.3,42932.3,40673.6,41323.1,335080.756
2024-01-19T00:00:00+00:00,41323.2,42197.0,40300.0,41662.2,345941.73
2024-01-20T00:00:00+00:00,41662.1,41883.5,41453.6,41691.8,95866.062
2024-01-21T00:00:00+00:00,41691.8,41880.9,41500.0,41580.0,67035.552
2024-01-22T00:00:00+00:00,41579.9,41692.3,39402.0,39567.0,459024.10599999997
2024-01-23T00:00:00+00:00,39567.1,40172.7,38545.0,39890.0,414373.386
2024-01-24T00:00:00+00:00,39889.9,40560.6,39493.3,40078.7,272754.171
2024-01-25T00:00:00+00:00,40078.8,40300.0,39535.3,39953.3,203728.679
2024-01-26T00:00:00+00:00,39953.3,42239.3,39813.1,41806.4,355418.478
2024-01-27T00:00:00+00:00,41806.4,42187.1,41360.1,42102.2,118437.114
2024-01-28T00:00:00+00:00,42102.2,42836.0,41600.0,42021.2,205736.453
2024-01-29T00:00:00+00:00,42021.2,43340.8,41768.3,43287.7,249502.11000000002
2024-01-30T00:00:00+00:00,43287.6,43888.0,42665.6,42918.3,257582.78399999999
2024-01-31T00:00:00+00:00,42918.3,43748.6,42257.6,42560.5,313069.11
2024-02-01T00:00:00+00:00,42560.5,43288.0,41866.8,43072.6,274321.107
2024-02-02T00:00:00+00:00,43072.6,43480.0,42512.7,43182.0,205767.574
2024-02-03T00:00:00+00:00,43182.0,43372.2,42858.3,42992.4,89735.22
2024-02-04T00:00:00+00:00,42992.4,43112.1,42176.7,42570.3,127421.548
2024-02-05T00:00:00+00:00,42570.3,43580.0,42235.1,42692.9,240655.549
2024-02-06T00:00:00+00:00,42692.9,43378.8,42559.8,43079.1,196157.643
2024-02-07T00:00:00+00:00,43079.1,44388.0,42763.4,44326.2,252057.708
2024-02-08T00:00:00+00:00,44326.3,45600.0,44306.8,45269.1,299738.288
2024-02-09T00:00:00+00:00,45269.2,48230.3,45218.1,47116.1,519919.419
2024-02-10T00:00:00+00:00,47116.1,48189.6,46836.4,47732.6,179626.604
2024-02-11T00:00:00+00:00,47732.6,48600.0,47539.4,48303.4,209951.626
2024-02-12T00:00:00+00:00,48303.4,50413.2,47702.0,49943.6,450895.202
2024-02-13T00:00:00+00:00,49943.6,50428.8,48301.0,49696.4,382348.085
2024-02-14T00:00:00+00:00,49696.4,52100.0,49215.7,51823.2,395191.79099999997
2024-02-15T00:00:00+00:00,51823.1,52859.0,51334.9,51898.5,392724.603
2024-02-16T00:00:00+00:00,51898.4,52623.0,51611.7,52148.6,259819.793
2024-02-17T00:00:00+00:00,52148.7,52192.8,50647.5,51679.4,222342.005
2024-02-18T00:00:00+00:00,51679.5,52450.0,51178.0,52175.9,166636.426
2024-02-19T00:00:00+00:00,52175.9,52532.9,51688.8,51813.8,196387.978
2024-02-20T00:00:00+00:00,51813.7,53090.9,50788.0,52297.4,388913.064
2024-02-21T00:00:00+00:00,52297.3,52402.3,50528.4,51877.8,308127.301
2024-02-22T00:00:00+00:00,51877.9,52130.8,50967.5,51316.9,244144.647
2024-02-23T00:00:00+00:00,51316.9,51576.3,50512.7,50771.9,215474.562
2024-02-24T00:00:00+00:00,50771.9,51736.6,50611.4,51602.1,104944.457
2024-02-25T00:00:00+00:00,51602.1,52050.0,51300.4,51764.9,122177.26
2024-02-26T00:00:00+00:00,51764.9,54991.8,50922.5,54511.6,393466.23099999997
2024-02-27T00:00:00+00:00,54511.7,57780.0,54495.0,57074.5,511475.53500000003
2024-02-28T00:00:00+00:00,57074.5,64300.0,56730.1,62487.9,1010118.442
2024-02-29T00:00:00+00:00,62487.9,63762.8,60452.0,61203.3,584713.883
2024-03-01T00:00:00+00:00,61203.3,63199.0,60844.8,62430.6,299231.827
2024-03-02T00:00:00+00:00,62430.6,62513.1,61605.0,62039.9,159283.62900000002
2024-03-03T00:00:00+00:00,62039.9,63330.9,61339.5,63178.5,200312.503
2024-03-04T00:00:00+00:00,63178.5,68600.0,62299.0,68296.4,632882.144
2024-03-05T00:00:00+00:00,68296.5,69350.0,59112.0,63747.4,1053025.132
2024-03-06T00:00:00+00:00,63747.5,67729.5,62829.3,66128.1,534011.813
2024-03-07T00:00:00+00:00,66128.0,68101.3,65609.3,66870.0,296092.788
2024-03-08T00:00:00+00:00,66870.0,70330.8,66120.0,68180.2,459387.207
2024-03-09T00:00:00+00:00,68180.2,68608.7,67908.7,68360.1,94899.005
2024-03-10T00:00:00+00:00,68360.2,69999.8,68155.0,69001.8,233596.523
2024-03-11T00:00:00+00:00,69001.8,72890.0,67000.0,72153.8,474396.897
2024-03-12T00:00:00+00:00,72153.9,73370.0,68600.0,71503.2,472072.331
2024-03-13T00:00:00+00:00,71503.3,73755.0,71388.1,73127.6,288446.338
2024-03-14T00:00:00+00:00,73127.6,73881.4,68600.0,71455.5,513901.23699999996
2024-03-15T00:00:00+00:00,71455.6,72500.0,65580.0,69552.2,705810.685
2024-03-16T00:00:00+00:00,69552.1,70097.6,64750.0,65351.0,333426.129
2024-03-17T00:00:00+00:00,65351.0,68972.4,64559.8,68447.9,314890.309
2024-03-18T00:00:00+00:00,68447.9,69044.4,66601.6,67660.0,317885.916
2024-03-19T00:00:00+00:00,67660.0,68178.6,61582.8,61974.1,700466.795
2024-03-20T00:00:00+00:00,61974.1,68140.0,60800.0,67876.4,637362.465
2024-03-21T00:00:00+00:00,67876.4,68293.9,64550.1,65539.9,347218.385
2024-03-22T00:00:00+00:00,65539.9,66691.9,62294.0,63826.0,401149.333
2024-03-23T00:00:00+00:00,63826.1,66050.0,63020.2,64020.3,239124.0
2024-03-24T00:00:00+00:00,64020.4,67700.0,63822.0,67260.9,244179.435
2024-03-25T00:00:00+00:00,67260.9,71228.3,66427.6,69920.5,395156.191
2024-03-26T00:00:00+00:00,69920.6,71649.0,69320.0,70044.1,307861.116
2024-03-27T00:00:00+00:00,70044.2,71888.0,68364.8,69532.6,407757.788
2024-03-28T00:00:00+00:00,69532.6,71636.2,68941.0,70838.7,242199.225
2024-03-29T00:00:00+00:00,70838.8,70976.9,69000.0,69903.6,187970.841
2024-03-30T00:00:00+00:00,69903.6,70388.0,69577.2,69642.1,91126.75
2024-03-31T00:00:00+00:00,69642.0,71495.5,69608.0,71363.0,132458.79
2024-04-01T00:00:00+00:00,71363.0,71388.0,68103.3,69700.0,282812.126
2024-04-02T00:00:00+00:00,69700.0,69731.6,64603.2,65505.3,499041.572
2024-04-03T00:00:00+00:00,65502.4,66940.0,64500.0,65971.9,275041.23
2024-04-04T00:00:00+00:00,65971.8,69329.7,65100.0,68489.9,326385.338
2024-04-05T00:00:00+00:00,68489.8,68787.1,65966.0,67825.7,313547.293
2024-04-06T00:00:00+00:00,67825.8,69708.0,67450.0,68901.6,127343.726
2024-04-07T00:00:00+00:00,68901.5,70395.0,68820.6,69362.7,171783.436
2024-04-08T00:00:00+00:00,69362.7,72890.4,69040.4,71678.4,297237.449
2024-04-09T00:00:00+00:00,71678.3,71820.6,68216.0,69189.3,334059.403
2024-04-10T00:00:00+00:00,69189.2,71412.2,67546.2,70681.7,337774.756
2024-04-11T00:00:00+00:00,70681.8,71387.4,69592.6,70055.7,256194.153
2024-04-12T00:00:00+00:00,70055.6,71297.0,65102.0,67136.4,415528.14900000003
2024-04-13T00:00:00+00:00,67136.4,67975.4,59652.5,63939.7,515005.203
2024-04-14T00:00:00+00:00,63939.7,65822.1,62139.3,65615.9,395770.133
2024-04-15T00:00:00+00:00,65615.9,66874.9,62242.5,63392.7,381532.225
2024-04-16T00:00:00+00:00,63392.8,64356.3,61521.0,63765.0,405931.439
2024-04-17T00:00:00+00:00,63764.9,64483.3,59625.0,61254.5,444032.99199999997
2024-04-18T00:00:00+00:00,61254.5,64100.0,60763.8,63445.0,363302.394
2024-04-19T00:00:00+00:00,63445.0,65480.0,59541.0,63787.4,574264.058
2024-04-20T00:00:00+00:00,63787.4,65400.0,63045.1,64897.2,197142.262
2024-04-21T00:00:00+00:00,64897.2,65678.7,64214.2,64912.6,160533.948
2024-04-22T00:00:00+00:00,64912.7,67222.0,64470.5,66778.0,246268.411
2024-04-23T00:00:00+00:00,66777.9,67158.9,65750.0,66386.3,178665.564
2024-04-24T00:00:00+00:00,66386.2,67068.2,63575.0,64250.0,280545.061
2024-04-25T00:00:00+00:00,64250.0,65270.6,62721.3,64478.8,275211.062
2024-04-26T00:00:00+00:00,64478.8,64783.1,63291.5,63748.8,202149.813
2024-04-27T00:00:00+00:00,63748.7,63901.4,62332.8,63421.0,167349.109
2024-04-28T00:00:00+00:00,63420.9,64350.0,62700.0,63088.3,126056.151
2024-04-29T00:00:00+00:00,63088.4,64200.0,61726.2,63842.4,228411.163
2024-04-30T00:00:00+00:00,63842.4,64700.0,59150.0,60651.2,408747.703
2024-05-01T00:00:00+00:00,60651.2,60816.7,56537.7,58307.6,564108.4
2024-05-02T00:00:00+00:00,58307.7,59637.3,56951.6,59036.7,299229.302
2024-05-03T00:00:00+00:00,59036.7,63333.0,58781.3,62853.7,353606.459
2024-05-04T00:00:00+00:00,62853.7,64547.9,62520.0,63864.2,205205.199
2024-05-05T00:00:00+00:00,63864.3,64644.3,62833.0,63988.0,185495.653
2024-05-06T00:00:00+00:00,63987.9,65500.0,62655.3,63142.8,305110.067
2024-05-07T00:00:00+00:00,63142.7,64392.2,62203.6,62296.0,238974.646
2024-05-08T00:00:00+00:00,62296.0,62994.9,60843.6,61157.9,241651.579
2024-05-09T00:00:00+00:00,61157.9,63447.2,60550.0,63050.1,242451.302
2024-05-10T00:00:00+00:00,63050.0,63446.5,60117.4,60778.1,307214.96
2024-05-11T00:00:00+00:00,60778.0,61491.4,60432.6,60809.2,113294.787
2024-05-12T00:00:00+00:00,60809.2,61849.4,60557.3,61455.8,104043.897
2024-05-13T00:00:00+00:00,61455.7,63440.0,60750.0,62912.1,261927.073
2024-05-14T00:00:00+00:00,62912.2,63099.6,60950.0,61550.5,244345.274
2024-05-15T00:00:00+00:00,61550.5,66440.0,61316.1,66175.4,365031.68
2024-05-16T00:00:00+00:00,66175.4,66800.0,64567.0,65217.7,242455.324
2024-05-17T00:00:00+00:00,65217.7,67400.6,65061.2,66980.0,227063.919
2024-05-18T00:00:00+00:00,66980.0,67340.5,66503.2,66884.9,96931.548
2024-05-19T00:00:00+00:00,66884.9,67750.0,65835.8,66239.4,148170.35
2024-05-20T00:00:00+00:00,66239.4,71674.6,66010.0,71466.5,366028.078
2024-05-21T00:00:00+00:00,71466.5,72132.8,69165.6,70168.8,263674.327
2024-05-22T00:00:00+00:00,70168.7,70715.4,68736.8,69219.1,194160.494
2024-05-23T00:00:00+00:00,69219.2,70133.3,66156.6,67999.9,300093.622
2024-05-24T00:00:00+00:00,67999.9,69273.5,66639.0,68584.1,186681.082
2024-05-25T00:00:00+00:00,68584.0,69622.8,68523.7,69314.4,85113.605
2024-05-26T00:00:00+00:00,69314.5,69590.3,68155.0,68524.3,84069.824
2024-05-27T00:00:00+00:00,68524.4,70750.0,68268.7,69461.6,170291.356
2024-05-28T00:00:00+00:00,69461.5,69628.0,67273.0,68440.5,227838.44
2024-05-29T00:00:00+00:00,68440.4,68983.0,67129.0,67686.7,158236.599
2024-05-30T00:00:00+00:00,67686.8,69568.9,67167.0,68402.5,194573.899
2024-05-31T00:00:00+00:00,68402.6,69080.0,66700.5,67577.9,195751.75199999998
2024-06-01T00:00:00+00:00,67577.9,67936.0,67480.0,67799.2,50943.058
2024-06-02T00:00:00+00:00,67799.2,68545.9,67296.3,67805.9,102194.71800000001
2024-06-03T00:00:00+00:00,67805.9,70372.9,67642.6,68851.4,227676.93
2024-06-04T00:00:00+00:00,68851.3,71146.4,68595.5,70580.0,216100.016
2024-06-05T00:00:00+00:00,70580.0,71824.4,70423.6,71133.3,203992.03399999999
2024-06-06T00:00:00+00:00,71133.3,71714.8,70101.9,70830.0,158483.564
2024-06-07T00:00:00+00:00,70830.0,72144.0,68405.0,69377.0,299412.37
2024-06-08T00:00:00+00:00,69377.0,69613.6,69192.3,69346.5,65739.857
2024-06-09T00:00:00+00:00,69346.6,69879.0,69160.0,69667.1,68024.1
2024-06-10T00:00:00+00:00,69667.1,70222.7,69201.2,69558.7,127381.604
2024-06-11T00:00:00+00:00,69558.8,69600.0,66000.0,67320.7,311984.942
2024-06-12T00:00:00+00:00,67320.6,70028.0,66920.0,68270.3,329918.46
2024-06-13T00:00:00+00:00,68270.3,68607.7,66251.1,66786.9,248355.461
2024-06-14T00:00:00+00:00,66786.8,67366.5,65052.4,66039.7,239411.231
2024-06-15T00:00:00+00:00,66039.7,66482.6,65801.0,66213.7,72423.755
2024-06-16T00:00:00+00:00,66213.7,66960.3,66012.1,66653.6,80361.55099999999
2024-06-17T00:00:00+00:00,66653.5,67280.6,65094.9,66472.1,248420.787
2024-06-18T00:00:00+00:00,66472.1,66558.9,64009.8,65150.0,335559.394
2024-06-19T00:00:00+00:00,65149.9,65711.9,64600.0,64933.6,150032.669
2024-06-20T00:00:00+00:00,64933.6,66467.0,64526.0,64854.0,220954.676
2024-06-21T00:00:00+00:00,64854.0,65055.5,63361.2,64124.0,210109.601
2024-06-22T00:00:00+00:00,64124.1,64520.0,63915.8,64240.0,53855.862
2024-06-23T00:00:00+00:00,64240.1,64500.0,63137.9,63194.9,72052.293
2024-06-24T00:00:00+00:00,63194.9,63357.0,58218.0,60273.6,445903.184
2024-06-25T00:00:00+00:00,60273.5,62448.1,60230.5,61777.8,264647.317
2024-06-26T00:00:00+00:00,61777.9,62465.1,60696.0,60860.1,170601.18
2024-06-27T00:00:00+00:00,60860.1,62379.7,60605.0,61682.0,160172.482
2024-06-28T00:00:00+00:00,61682.1,62204.0,60038.0,60429.8,195508.125
2024-06-29T00:00:00+00:00,60429.8,61232.0,60400.1,60982.4,79680.289
2024-06-30T00:00:00+00:00,60982.5,63058.4,60705.0,62766.0,147777.915
2024-07-01T00:00:00+00:00,62766.1,63849.0,62502.2,62883.6,193937.938
2024-07-02T00:00:00+00:00,62883.7,63284.0,61800.0,62123.6,163101.24300000002
2024-07-03T00:00:00+00:00,62123.5,62278.2,59299.3,60208.0,295303.265
2024-07-04T00:00:00+00:00,60208.0,60500.0,56560.0,57045.9,445656.277
2024-07-05T00:00:00+00:00,57045.9,57533.4,53329.5,56604.9,577193.595
2024-07-06T00:00:00+00:00,56604.9,58472.0,56000.0,58216.0,178580.022
2024-07-07T00:00:00+00:00,58216.0,58443.0,55688.0,55830.9,210361.981
2024-07-08T00:00:00+00:00,55831.0,58200.0,54243.1,56686.4,464106.957
2024-07-09T00:00:00+00:00,56686.4,58290.6,56256.2,58023.2,257237.048
2024-07-10T00:00:00+00:00,58023.1,59449.6,57125.0,57707.0,254248.937
2024-07-11T00:00:00+00:00,57707.0,59780.0,57030.0,57315.5,293106.95900000003
2024-07-12T00:00:00+00:00,57315.7,58500.0,56500.1,57870.0,238100.616
2024-07-13T00:00:00+00:00,57870.0,59850.0,57728.6,59174.0,157884.322
2024-07-14T00:00:00+00:00,59173.9,61412.4,59164.0,60766.0,208060.883
2024-07-15T00:00:00+00:00,60766.0,64870.7,60622.6,64680.6,352222.181
2024-07-16T00:00:00+00:00,64680.6,65388.0,62350.0,65010.0,375258.61600000004
2024-07-17T00:00:00+00:00,65010.0,66100.0,63823.0,64055.7,276656.393
2024-07-18T00:00:00+00:00,64055.8,65173.8,63206.4,63959.9,215648.157
2024-07-19T00:00:00+00:00,63960.0,67362.8,63266.2,66627.9,311859.805
2024-07-20T00:00:00+00:00,66627.9,67648.7,66159.1,67095.6,123564.406
2024-07-21T00:00:00+00:00,67095.6,68351.2,65750.0,68138.0,207228.372
2024-07-22T00:00:00+00:00,68138.0,68459.7,66538.6,67499.2,192991.391
2024-07-23T00:00:00+00:00,67499.2,67729.3,65416.5,65916.4,270430.68
2024-07-24T00:00:00+00:00,65916.3,67087.3,65040.5,65350.8,215079.421
2024-07-25T00:00:00+00:00,65350.7,66144.0,63456.7,65773.0,319685.441
2024-07-26T00:00:00+00:00,65773.0,68200.0,65688.2,67882.5,235384.526
2024-07-27T00:00:00+00:00,67882.5,69381.7,66624.5,67873.8,330982.647
2024-07-28T00:00:00+00:00,67873.7,68300.0,67037.0,68215.5,116913.935
2024-07-29T00:00:00+00:00,68215.5,70081.0,66365.8,66750.0,372537.81799999997
2024-07-30T00:00:00+00:00,66750.1,66966.6,65254.5,66159.3,246551.044
2024-07-31T00:00:00+00:00,66159.3,66826.3,64500.4,64601.8,246389.446
2024-08-01T00:00:00+00:00,64601.8,65650.0,62271.2,65328.9,372654.59
2024-08-02T00:00:00+00:00,65329.0,65577.0,61200.2,61483.7,421628.42
2024-08-03T00:00:00+00:00,61483.7,62166.0,59800.0,60684.6,290469.956
2024-08-04T00:00:00+00:00,60684.5,61089.5,57040.0,58144.5,339512.415
2024-08-05T00:00:00+00:00,58144.5,58286.9,48888.0,54003.1,1281982.025
2024-08-06T00:00:00+00:00,54003.5,56999.9,53925.3,55991.2,435953.439
2024-08-07T00:00:00+00:00,55991.3,57699.0,54519.8,55102.9,377442.54
2024-08-08T00:00:00+00:00,55102.9,62737.2,54672.4,61659.8,470117.508
2024-08-09T00:00:00+00:00,61659.8,61726.0,59500.0,60808.6,308674.339
2024-08-10T00:00:00+00:00,60808.6,61450.0,60208.5,60889.9,115593.354
2024-08-11T00:00:00+00:00,60889.8,62000.0,58255.4,58693.1,202539.076
2024-08-12T00:00:00+00:00,58693.1,60666.0,57615.0,59323.6,367126.29
2024-08-13T00:00:00+00:00,59323.7,61545.0,58360.0,60550.5,255934.721
2024-08-14T00:00:00+00:00,60550.4,61839.7,58367.2,58648.1,295662.808
2024-08-15T00:00:00+00:00,58648.1,59820.0,55969.0,57511.0,360815.946
2024-08-16T00:00:00+00:00,57511.1,59780.2,57062.1,58854.9,268756.529
2024-08-17T00:00:00+00:00,58854.9,59690.2,58769.4,59468.5,77085.532
2024-08-18T00:00:00+00:00,59468.5,60250.0,58352.0,58390.0,149660.264
2024-08-19T00:00:00+00:00,58390.1,59585.4,57750.0,59398.5,214043.139
2024-08-20T00:00:00+00:00,59398.4,61386.0,58501.1,58982.9,287049.13
2024-08-21T00:00:00+00:00,58982.7,61793.9,58728.9,61120.0,270583.679
2024-08-22T00:00:00+00:00,61120.0,61392.0,59677.6,60349.9,211098.959
2024-08-23T00:00:00+00:00,60349.9,65000.0,60301.5,64019.9,382490.709
2024-08-24T00:00:00+00:00,64020.0,64472.5,63522.7,64116.5,132741.902
2024-08-25T00:00:00+00:00,64116.6,65175.4,63731.3,64190.2,115546.888
2024-08-26T00:00:00+00:00,64190.1,64455.8,62750.2,62807.6,195977.222
2024-08-27T00:00:00+00:00,62807.7,63196.0,57928.2,59384.5,339269.805
2024-08-28T00:00:00+00:00,59384.4,60197.8,57820.0,59010.0,313788.567
2024-08-29T00:00:00+00:00,59010.0,61144.9,58655.0,59323.2,233896.685
2024-08-30T00:00:00+00:00,59323.3,59914.9,57525.0,59096.3,268276.469
2024-08-31T00:00:00+00:00,59096.4,59436.0,58700.0,58941.9,68866.674
2024-09-01T00:00:00+00:00,58941.9,59052.7,57123.0,57268.1,222909.914
2024-09-02T00:00:00+00:00,57268.1,59412.3,57093.0,59112.1,201218.384
2024-09-03T00:00:00+00:00,59112.2,59790.0,57320.0,57451.9,230196.497
2024-09-04T00:00:00+00:00,57452.0,58500.0,55555.0,57944.8,326983.311
2024-09-05T00:00:00+00:00,57944.8,58318.9,55600.0,56145.7,294703.592
2024-09-06T00:00:00+00:00,56145.7,57000.0,52510.8,53927.7,479063.113
2024-09-07T00:00:00+00:00,53927.7,54820.2,53725.0,54134.9,127686.594
2024-09-08T00:00:00+00:00,54134.9,55300.0,53596.5,54839.6,162078.536
2024-09-09T00:00:00+00:00,54839.6,58153.2,54557.0,57010.0,313094.361
2024-09-10T00:00:00+00:00,57010.1,58033.2,56361.0,57609.1,228317.676
2024-09-11T00:00:00+00:00,57609.2,57954.4,55515.2,57306.0,338231.445
2024-09-12T00:00:00+00:00,57305.6,58606.6,57283.1,58097.0,261449.688
2024-09-13T00:00:00+00:00,58097.1,60597.0,57594.0,60456.2,277429.492
2024-09-14T00:00:00+00:00,60456.2,60572.9,59360.1,59964.0,102580.577
2024-09-15T00:00:00+00:00,59963.9,60369.4,58654.0,59100.5,130524.206
2024-09-16T00:00:00+00:00,59100.5,59182.2,57446.3,58187.0,250699.432
2024-09-17T00:00:00+00:00,58187.0,61345.0,57588.8,60281.0,318442.066
2024-09-18T00:00:00+00:00,60281.0,61765.0,59138.0,61735.3,355729.312
2024-09-19T00:00:00+00:00,61735.3,63830.1,61534.0,62926.9,302382.412
2024-09-20T00:00:00+00:00,62926.9,64126.7,62320.0,63175.7,257172.835
2024-09-21T00:00:00+00:00,63175.8,63546.9,62714.2,63320.6,78248.362
2024-09-22T00:00:00+00:00,63320.6,64000.0,62339.0,63558.4,149129.884
2024-09-23T00:00:00+00:00,63558.5,64724.8,62534.4,63302.0,234343.564
2024-09-24T00:00:00+00:00,63302.1,64666.0,62688.2,64243.1,236987.628
2024-09-25T00:00:00+00:00,64243.2,64800.0,62910.0,63118.4,184950.772
2024-09-26T00:00:00+00:00,63118.3,65800.0,62634.4,65139.2,321186.356
2024-09-27T00:00:00+00:00,65139.1,66450.0,64788.0,65749.6,226404.021
2024-09-28T00:00:00+00:00,65749.5,66237.0,65368.1,65822.6,92773.553
2024-09-29T00:00:00+00:00,65822.7,66059.3,65400.0,65568.1,88131.799
2024-09-30T00:00:00+00:00,65568.2,65588.8,62825.0,63309.1,296848.373
2024-10-01T00:00:00+00:00,63309.0,64092.6,60128.2,60776.8,429817.835
2024-10-02T00:00:00+00:00,60776.7,62355.0,59934.9,60622.6,327001.805
2024-10-03T00:00:00+00:00,60622.7,61452.6,59815.0,60727.2,286137.212
2024-10-04T00:00:00+00:00,60727.1,62457.1,60434.1,62054.4,234795.836
2024-10-05T00:00:00+00:00,62054.3,62344.0,61648.0,62023.1,74330.781
2024-10-06T00:00:00+00:00,62023.1,62961.5,61778.9,62789.3,96413.453
2024-10-07T00:00:00+00:00,62789.2,64448.2,62091.8,62190.7,298949.375
2024-10-08T00:00:00+00:00,62190.6,63178.7,61836.0,62131.7,226276.359
2024-10-09T00:00:00+00:00,62131.8,62520.9,60251.9,60606.4,217302.17299999998
2024-10-10T00:00:00+00:00,60606.3,61297.0,58900.0,60293.2,262947.653
2024-10-11T00:00:00+00:00,60293.3,63400.0,60057.8,62509.0,263691.142
2024-10-12T00:00:00+00:00,62509.0,63462.6,62458.0,63176.0,102784.406
2024-10-13T00:00:00+00:00,63176.0,63260.0,62020.0,62839.8,129696.156
2024-10-14T00:00:00+00:00,62839.7,66533.0,62420.0,66064.9,338251.601
2024-10-15T00:00:00+00:00,66064.9,67953.7,64771.7,67044.1,422005.511
2024-10-16T00:00:00+00:00,67044.0,68400.0,66724.2,67592.0,254153.501
2024-10-17T00:00:00+00:00,67592.0,67925.9,66600.0,67401.5,220272.837
2024-10-18T00:00:00+00:00,67401.5,69000.0,67165.0,68407.8,245301.761
2024-10-19T00:00:00+00:00,68407.8,68684.9,68000.0,68357.1,68632.10800000001
2024-10-20T00:00:00+00:00,68357.1,69425.8,68069.8,69020.1,105939.492
2024-10-21T00:00:00+00:00,69020.2,69566.0,66865.9,67368.8,253437.33299999998
2024-10-22T00:00:00+00:00,67368.7,67825.0,66536.5,67406.4,218518.97699999998
2024-10-23T00:00:00+00:00,67406.5,67449.0,65222.3,66647.2,248215.058
2024-10-24T00:00:00+00:00,66647.3,68842.5,66482.0,68173.8,212340.722
2024-10-25T00:00:00+00:00,68173.8,68748.0,65557.2,66662.8,348511.871
2024-10-26T00:00:00+00:00,66662.7,67450.0,66414.1,67071.8,94169.992
2024-10-27T00:00:00+00:00,67071.9,68306.1,66909.4,67992.6,88468.808
2024-10-28T00:00:00+00:00,67992.7,70331.0,67584.2,69940.0,256128.622
2024-10-29T00:00:00+00:00,69939.9,73660.0,69733.0,72739.5,382502.06
2024-10-30T00:00:00+00:00,72739.5,72984.9,71444.2,72349.0,227108.808
2024-10-31T00:00:00+00:00,72349.0,72720.3,69705.0,70321.9,256485.328
2024-11-01T00:00:00+00:00,70321.9,71650.0,68822.5,69495.5,352591.088
2024-11-02T00:00:00+00:00,69495.4,69913.1,69022.8,69366.6,79314.105
2024-11-03T00:00:00+00:00,69366.6,69393.7,67446.6,68762.5,226477.376
2024-11-04T00:00:00+00:00,68762.5,69495.3,66810.0,67834.3,244912.166
2024-11-05T00:00:00+00:00,67834.4,70537.4,67454.2,69353.1,273070.87
2024-11-06T00:00:00+00:00,69353.1,76420.0,69272.7,75579.9,677440.286
2024-11-07T00:00:00+00:00,75579.9,76900.0,74450.0,75859.4,280675.033
2024-11-08T00:00:00+00:00,75859.4,77182.9,75576.3,76482.2,230370.324
2024-11-09T00:00:00+00:00,76482.2,76920.0,75683.2,76675.1,117754.034
2024-11-10T00:00:00+00:00,76675.1,81699.8,76501.1,80410.0,417426.899
2024-11-11T00:00:00+00:00,80409.9,89800.0,80261.2,88728.9,614141.662
2024-11-12T00:00:00+00:00,88729.0,90070.1,85159.9,87972.0,639481.584
2024-11-13T00:00:00+00:00,87972.0,93421.1,86180.0,90413.3,555288.297
2024-11-14T00:00:00+00:00,90413.3,91846.1,86714.0,87382.7,364621.68
2024-11-15T00:00:00+00:00,87382.6,91921.5,87111.0,91074.6,314431.908
2024-11-16T00:00:00+00:00,91074.6,91849.8,90120.0,90643.3,129023.447
2024-11-17T00:00:00+00:00,90643.2,91539.6,88736.1,89899.9,167504.792
2024-11-18T00:00:00+00:00,89900.0,92700.0,89422.1,90507.4,333557.11
2024-11-19T00:00:00+00:00,90507.4,93985.9,90405.6,92335.9,303532.031
2024-11-20T00:00:00+00:00,92335.9,94849.0,91500.0,94288.0,290044.227
2024-11-21T00:00:00+00:00,94288.0,99100.0,94008.7,98366.8,418383.136
2024-11-22T00:00:00+00:00,98366.8,99660.0,97199.9,98921.4,265774.067
2024-11-23T00:00:00+00:00,98921.5,98937.3,97173.5,97725.5,120358.422
2024-11-24T00:00:00+00:00,97725.6,98666.0,95822.1,97960.4,173118.84
2024-11-25T00:00:00+00:00,97960.5,98999.0,92666.0,93064.0,329375.021
2024-11-26T00:00:00+00:00,93064.0,95064.0,90866.4,92021.4,344929.233
2024-11-27T00:00:00+00:00,92021.5,97250.0,91864.0,95905.2,237005.987
2024-11-28T00:00:00+00:00,95905.2,96627.6,94700.1,95694.4,154007.026
2024-11-29T00:00:00+00:00,95694.4,98713.3,95404.5,97516.3,190520.949
2024-11-30T00:00:00+00:00,97516.2,97522.1,96150.0,96475.1,93074.218
2024-12-01T00:00:00+00:00,96475.2,97933.0,95736.5,97265.1,113222.99
2024-12-02T00:00:00+00:00,97265.0,98266.0,94400.0,95890.5,257613.911
2024-12-03T00:00:00+00:00,95890.6,96375.0,93605.0,95913.3,206601.97999999998
2024-12-04T00:00:00+00:00,95913.3,99099.9,94650.8,98669.8,275949.205
2024-12-05T00:00:00+00:00,98669.8,104630.4,90200.0,97001.5,580277.391
2024-12-06T00:00:00+00:00,97001.6,101988.8,96429.5,99802.5,282369.608
2024-12-07T00:00:00+00:00,99802.5,100499.0,98876.9,99899.2,95858.658
2024-12-08T00:00:00+00:00,99899.2,101457.9,98709.4,101200.0,109755.67599999999
2024-12-09T00:00:00+00:00,101200.1,101300.0,94039.7,97349.1,326973.59
2024-12-10T00:00:00+00:00,97349.1,98320.6,94265.5,96602.4,291490.744
2024-12-11T00:00:00+00:00,96602.3,101880.0,95650.0,101115.3,221807.705
2024-12-12T00:00:00+00:00,101115.3,102538.4,99280.2,99982.4,215219.075
2024-12-13T00:00:00+00:00,99982.3,101869.5,99149.6,101371.9,152437.318
2024-12-14T00:00:00+00:00,101371.9,102638.0,100559.8,101381.0,107680.549
2024-12-15T00:00:00+00:00,101381.0,105374.6,101200.1,104460.4,157733.916
2024-12-16T00:00:00+00:00,104460.5,107777.0,103264.6,106023.2,274395.756
2024-12-17T00:00:00+00:00,106023.2,108366.8,105252.0,106074.6,197773.912
2024-12-18T00:00:00+00:00,106074.6,106484.6,99951.1,100181.1,328581.935
2024-12-19T00:00:00+00:00,100181.2,102756.7,95681.2,97434.4,372968.463
2024-12-20T00:00:00+00:00,97434.3,98243.0,92272.6,97764.4,396188.795
2024-12-21T00:00:00+00:00,97764.5,99485.0,96375.0,97261.8,161258.48
2024-12-22T00:00:00+00:00,97261.7,97437.9,94200.0,95153.5,148114.73500000002
2024-12-23T00:00:00+00:00,95153.4,96499.0,92464.4,94861.1,247211.855
2024-12-24T00:00:00+00:00,94861.0,99450.0,93525.6,98627.2,211610.63199999998
2024-12-25T00:00:00+00:00,98626.9,99580.7,97570.0,99379.7,124696.89199999999
2024-12-26T00:00:00+00:00,99379.6,99950.0,95153.0,95751.0,194857.65099999998
2024-12-27T00:00:00+00:00,95750.9,97564.5,93440.0,94258.9,206008.243
2024-12-28T00:00:00+00:00,94258.9,95700.0,94100.0,95259.1,67991.349
2024-12-29T00:00:00+00:00,95259.1,95300.0,92961.8,93700.0,95047.934
2024-12-30T00:00:00+00:00,93699.9,95031.6,91510.0,92759.3,222343.593
2024-12-31T00:00:00+00:00,92759.3,96254.3,92000.0,93548.9,178648.11599999998
