Stock,Date,Close,PE_Ratio,Monthly_Return,ROE
STOCK_01,2024-01-31,415.55,19.89,0.0614,0.2915
STOCK_01,2024-02-29,420.82,21.7,0.0127,0.3032
STOCK_01,2024-03-31,401.38,23.01,-0.0462,0.3104
STOCK_01,2024-04-30,404.98,23.29,0.009,0.3076
STOCK_01,2024-05-31,386.12,22.45,-0.0466,0.2946
STOCK_01,2024-06-30,408.41,21.99,0.0577,0.3017
STOCK_01,2024-07-31,393.76,23.39,-0.0359,0.3019
STOCK_01,2024-08-31,385.61,21.66,-0.0207,0.3082
STOCK_01,2024-09-30,395.99,22.5,0.0269,0.3073
STOCK_01,2024-10-31,448.86,21.6,0.1335,0.2987
STOCK_01,2024-11-30,429.19,22.72,-0.0438,0.3136
STOCK_01,2024-12-31,428.4,21.12,-0.0018,0.2958
STOCK_02,2024-01-31,319.22,22.59,-0.0653,0.2889
STOCK_02,2024-02-29,325.26,22.12,0.0189,0.2967
STOCK_02,2024-03-31,343.9,22.23,0.0573,0.3008
STOCK_02,2024-04-30,347.01,22.31,0.0091,0.3004
STOCK_02,2024-05-31,318.41,21.64,-0.0824,0.2906
STOCK_02,2024-06-30,307.79,21.69,-0.0333,0.308
STOCK_02,2024-07-31,293.34,23.05,-0.0469,0.2799
STOCK_02,2024-08-31,288.91,22.17,-0.0151,0.3
STOCK_02,2024-09-30,302.69,22.86,0.0477,0.2917
STOCK_02,2024-10-31,295.8,22.93,-0.0227,0.2931
STOCK_02,2024-11-30,274.64,20.74,-0.0715,0.2867
STOCK_02,2024-12-31,284.21,22.15,0.0348,0.3009
STOCK_03,2024-01-31,283.48,33.84,-0.0136,0.2345
STOCK_03,2024-02-29,278.72,32.45,-0.0168,0.2306
STOCK_03,2024-03-31,288.26,32.31,0.0342,0.2393
STOCK_03,2024-04-30,298.01,33.82,0.0338,0.244
STOCK_03,2024-05-31,297.74,32.38,-0.0009,0.2387
STOCK_03,2024-06-30,269.09,30.69,-0.0962,0.2297
STOCK_03,2024-07-31,254.33,33.75,-0.0548,0.2327
STOCK_03,2024-08-31,249.83,35.23,-0.0177,0.2367
STOCK_03,2024-09-30,262.14,31.54,0.0493,0.2377
STOCK_03,2024-10-31,248.51,32.52,-0.052,0.2453
STOCK_03,2024-11-30,223.99,33.8,-0.0986,0.2409
STOCK_03,2024-12-31,217.13,30.69,-0.0306,0.2397
STOCK_04,2024-01-31,402.28,21.57,0.1011,0.22
STOCK_04,2024-02-29,408.62,22.07,0.0158,0.2363
STOCK_04,2024-03-31,431.14,22.22,0.0551,0.237
STOCK_04,2024-04-30,402.54,21.13,-0.0663,0.2207
STOCK_04,2024-05-31,395.14,20.32,-0.0184,0.2313
STOCK_04,2024-06-30,391.85,20.22,-0.0083,0.2201
STOCK_04,2024-07-31,401.18,22.74,0.0238,0.2406
STOCK_04,2024-08-31,473.32,22.28,0.1798,0.2203
STOCK_04,2024-09-30,415.14,22.12,-0.1229,0.2215
STOCK_04,2024-10-31,406.87,21.16,-0.0199,0.2261
STOCK_04,2024-11-30,434.93,22.0,0.069,0.2259
STOCK_04,2024-12-31,410.07,20.0,-0.0571,0.2237
STOCK_05,2024-01-31,156.98,30.53,0.0128,0.256
STOCK_05,2024-02-29,146.6,27.7,-0.0661,0.2543
STOCK_05,2024-03-31,166.06,27.91,0.1327,0.2664
STOCK_05,2024-04-30,157.89,30.46,-0.0492,0.2629
STOCK_05,2024-05-31,157.2,29.04,-0.0044,0.2548
STOCK_05,2024-06-30,162.19,28.44,0.0318,0.2504
STOCK_05,2024-07-31,150.57,29.35,-0.0717,0.2722
STOCK_05,2024-08-31,152.76,28.93,0.0146,0.2621
STOCK_05,2024-09-30,165.5,29.42,0.0834,0.2567
STOCK_05,2024-10-31,177.31,29.73,0.0714,0.2719
STOCK_05,2024-11-30,180.15,27.32,0.016,0.2492
STOCK_05,2024-12-31,198.89,31.61,0.1041,0.2585
STOCK_06,2024-01-31,115.52,25.96,0.0893,0.3146
STOCK_06,2024-02-29,113.36,27.17,-0.0187,0.3071
STOCK_06,2024-03-31,116.23,29.09,0.0253,0.3094
STOCK_06,2024-04-30,121.3,24.39,0.0436,0.3082
STOCK_06,2024-05-31,115.77,25.52,-0.0456,0.3005
STOCK_06,2024-06-30,114.03,28.42,-0.015,0.2963
STOCK_06,2024-07-31,114.81,26.52,0.0068,0.3056
STOCK_06,2024-08-31,122.29,27.91,0.0652,0.321
STOCK_06,2024-09-30,121.76,26.23,-0.0043,0.3065
STOCK_06,2024-10-31,124.15,27.42,0.0195,0.2986
STOCK_06,2024-11-30,125.44,27.49,0.0104,0.3319
STOCK_06,2024-12-31,140.19,26.02,0.1176,0.3059
STOCK_07,2024-01-31,263.24,31.91,0.0774,0.0254
STOCK_07,2024-02-29,230.64,32.84,-0.1238,0.0251
STOCK_07,2024-03-31,224.47,31.66,-0.0268,0.0258
STOCK_07,2024-04-30,201.92,30.68,-0.1005,0.0275
STOCK_07,2024-05-31,187.33,31.3,-0.0722,0.0273
STOCK_07,2024-06-30,220.92,31.17,0.1793,0.0256
STOCK_07,2024-07-31,226.55,35.97,0.0255,0.0251
STOCK_07,2024-08-31,224.35,34.4,-0.0097,0.0262
STOCK_07,2024-09-30,220.41,32.89,-0.0176,0.0248
STOCK_07,2024-10-31,218.36,32.67,-0.0093,0.0261
STOCK_07,2024-11-30,212.18,33.89,-0.0283,0.0267
STOCK_07,2024-12-31,215.22,33.69,0.0143,0.0259
STOCK_08,2024-01-31,439.63,38.92,-0.0008,0.036
STOCK_08,2024-02-29,452.01,33.89,0.0282,0.0332
STOCK_08,2024-03-31,486.57,35.7,0.0765,0.0348
STOCK_08,2024-04-30,438.08,36.87,-0.0997,0.0348
STOCK_08,2024-05-31,411.08,34.41,-0.0616,0.0346
STOCK_08,2024-06-30,414.43,34.72,0.0081,0.0342
STOCK_08,2024-07-31,410.23,35.5,-0.0101,0.0359
STOCK_08,2024-08-31,349.11,34.82,-0.149,0.0345
STOCK_08,2024-09-30,357.06,34.58,0.0228,0.0325
STOCK_08,2024-10-31,365.87,38.28,0.0247,0.0328
STOCK_08,2024-11-30,386.66,34.66,0.0568,0.0343
STOCK_08,2024-12-31,364.17,34.65,-0.0582,0.0357
STOCK_09,2024-01-31,474.26,25.43,0.0313,0.13
STOCK_09,2024-02-29,500.19,23.04,0.0547,0.1286
STOCK_09,2024-03-31,481.76,24.55,-0.0368,0.1238
STOCK_09,2024-04-30,506.79,23.17,0.0519,0.1329
STOCK_09,2024-05-31,532.15,25.52,0.0501,0.1312
STOCK_09,2024-06-30,484.62,23.31,-0.0893,0.1238
STOCK_09,2024-07-31,471.97,25.16,-0.0261,0.1308
STOCK_09,2024-08-31,454.54,22.2,-0.0369,0.1285
STOCK_09,2024-09-30,423.63,22.6,-0.068,0.1296
STOCK_09,2024-10-31,455.12,24.1,0.0743,0.1195
STOCK_09,2024-11-30,465.7,23.47,0.0233,0.13
STOCK_09,2024-12-31,513.19,20.98,0.102,0.1261
STOCK_10,2024-01-31,79.57,12.24,0.0271,0.0481
STOCK_10,2024-02-29,83.85,12.37,0.0538,0.0493
STOCK_10,2024-03-31,85.45,11.91,0.0191,0.0477
STOCK_10,2024-04-30,85.12,11.66,-0.0039,0.0495
STOCK_10,2024-05-31,90.66,11.13,0.065,0.0488
STOCK_10,2024-06-30,99.17,11.31,0.0939,0.0477
STOCK_10,2024-07-31,100.87,12.24,0.0171,0.049
STOCK_10,2024-08-31,109.41,12.25,0.0847,0.0502
STOCK_10,2024-09-30,113.6,13.11,0.0382,0.0486
STOCK_10,2024-10-31,100.51,12.69,-0.1152,0.0483
STOCK_10,2024-11-30,101.66,12.52,0.0115,0.0466
STOCK_10,2024-12-31,94.54,10.81,-0.0701,0.0478
STOCK_11,2024-01-31,151.77,33.07,-0.0798,0.2783
STOCK_11,2024-02-29,148.23,38.25,-0.0233,0.2837
STOCK_11,2024-03-31,150.2,38.81,0.0133,0.2797
STOCK_11,2024-04-30,155.73,36.07,0.0368,0.2763
STOCK_11,2024-05-31,158.35,38.92,0.0168,0.2745
STOCK_11,2024-06-30,164.09,36.89,0.0363,0.2768
STOCK_11,2024-07-31,173.08,33.66,0.0548,0.267
STOCK_11,2024-08-31,158.55,33.03,-0.0839,0.2722
STOCK_11,2024-09-30,166.47,36.86,0.05,0.2795
STOCK_11,2024-10-31,178.19,39.87,0.0704,0.2773
STOCK_11,2024-11-30,193.55,37.56,0.0862,0.2708
STOCK_11,2024-12-31,187.61,34.62,-0.0307,0.2704
STOCK_12,2024-01-31,138.28,31.32,-0.0779,0.3327
STOCK_12,2024-02-29,142.91,30.52,0.0335,0.3246
STOCK_12,2024-03-31,151.58,29.79,0.0607,0.338
STOCK_12,2024-04-30,142.61,29.71,-0.0592,0.3479
STOCK_12,2024-05-31,141.7,31.22,-0.0064,0.3472
STOCK_12,2024-06-30,153.64,30.19,0.0842,0.3282
STOCK_12,2024-07-31,164.25,30.21,0.069,0.355
STOCK_12,2024-08-31,168.85,30.52,0.028,0.3471
STOCK_12,2024-09-30,189.46,33.91,0.1221,0.3442
STOCK_12,2024-10-31,192.22,32.37,0.0146,0.3348
STOCK_12,2024-11-30,197.03,30.68,0.025,0.3467
STOCK_12,2024-12-31,188.16,28.28,-0.045,0.3221
STOCK_13,2024-01-31,193.05,9.66,0.1212,0.1535
STOCK_13,2024-02-29,198.05,8.97,0.0259,0.1567
STOCK_13,2024-03-31,201.24,9.44,0.0161,0.1565
STOCK_13,2024-04-30,215.09,8.63,0.0688,0.1581
STOCK_13,2024-05-31,249.69,9.26,0.1609,0.1649
STOCK_13,2024-06-30,252.31,9.42,0.0105,0.1578
STOCK_13,2024-07-31,250.99,8.8,-0.0052,0.1601
STOCK_13,2024-08-31,239.42,9.46,-0.0461,0.1632
STOCK_13,2024-09-30,245.89,9.02,0.027,0.1602
STOCK_13,2024-10-31,242.56,9.58,-0.0135,0.1494
STOCK_13,2024-11-30,238.89,8.24,-0.0151,0.151
STOCK_13,2024-12-31,259.63,9.56,0.0868,0.1547
STOCK_14,2024-01-31,89.08,20.11,0.1502,0.3306
STOCK_14,2024-02-29,92.01,18.14,0.0329,0.3333
STOCK_14,2024-03-31,93.02,19.59,0.011,0.3443
STOCK_14,2024-04-30,95.41,20.33,0.0257,0.3293
STOCK_14,2024-05-31,101.02,21.28,0.0589,0.3265
STOCK_14,2024-06-30,96.15,20.99,-0.0483,0.3344
STOCK_14,2024-07-31,104.73,19.24,0.0892,0.351
STOCK_14,2024-08-31,106.08,19.93,0.0129,0.3521
STOCK_14,2024-09-30,104.3,18.75,-0.0167,0.3318
STOCK_14,2024-10-31,107.66,18.14,0.0321,0.3427
STOCK_14,2024-11-30,104.71,20.81,-0.0273,0.3121
STOCK_14,2024-12-31,100.3,18.02,-0.0422,0.3279
STOCK_15,2024-01-31,324.56,29.07,-0.0046,0.2339
STOCK_15,2024-02-29,339.95,29.73,0.0474,0.244
STOCK_15,2024-03-31,353.0,29.2,0.0384,0.2559
STOCK_15,2024-04-30,352.92,28.33,-0.0002,0.2357
STOCK_15,2024-05-31,332.82,26.98,-0.0569,0.2347
STOCK_15,2024-06-30,333.08,29.25,0.0008,0.2415
STOCK_15,2024-07-31,319.44,30.07,-0.0409,0.2465
STOCK_15,2024-08-31,317.98,27.83,-0.0046,0.2451
STOCK_15,2024-09-30,323.16,26.69,0.0163,0.2407
STOCK_15,2024-10-31,329.85,27.48,0.0207,0.2425
STOCK_15,2024-11-30,302.71,30.7,-0.0823,0.2502
STOCK_15,2024-12-31,299.64,29.3,-0.0102,0.2237
STOCK_16,2024-01-31,505.43,36.32,0.0479,0.2952
STOCK_16,2024-02-29,482.56,33.41,-0.0452,0.3208
STOCK_16,2024-03-31,449.58,33.44,-0.0683,0.3228
STOCK_16,2024-04-30,407.27,30.91,-0.0941,0.3022
STOCK_16,2024-05-31,396.59,34.37,-0.0262,0.3083
STOCK_16,2024-06-30,356.33,33.88,-0.1015,0.3007
STOCK_16,2024-07-31,385.36,31.99,0.0815,0.3002
STOCK_16,2024-08-31,399.8,34.28,0.0375,0.3102
STOCK_16,2024-09-30,361.37,33.91,-0.0961,0.2965
STOCK_16,2024-10-31,368.27,30.67,0.0191,0.3101
STOCK_16,2024-11-30,352.29,30.91,-0.0434,0.3126
STOCK_16,2024-12-31,359.16,32.01,0.0195,0.3194
STOCK_17,2024-01-31,418.0,8.34,-0.0322,0.1868
STOCK_17,2024-02-29,409.77,8.7,-0.0197,0.1839
STOCK_17,2024-03-31,352.5,8.8,-0.1398,0.2043
STOCK_17,2024-04-30,345.69,7.36,-0.0193,0.1881
STOCK_17,2024-05-31,341.48,8.07,-0.0122,0.1835
STOCK_17,2024-06-30,355.06,8.36,0.0398,0.1813
STOCK_17,2024-07-31,371.73,8.98,0.047,0.1908
STOCK_17,2024-08-31,366.07,8.09,-0.0152,0.1933
STOCK_17,2024-09-30,329.88,8.21,-0.0988,0.1876
STOCK_17,2024-10-31,368.11,8.07,0.1159,0.1993
STOCK_17,2024-11-30,345.57,8.38,-0.0612,0.1916
STOCK_17,2024-12-31,329.28,8.22,-0.0471,0.1967
STOCK_18,2024-01-31,210.88,38.03,-0.0491,0.2675
STOCK_18,2024-02-29,190.36,35.57,-0.0973,0.272
STOCK_18,2024-03-31,185.34,33.73,-0.0264,0.2745
STOCK_18,2024-04-30,189.29,37.31,0.0213,0.2576
STOCK_18,2024-05-31,199.73,39.37,0.0551,0.2873
STOCK_18,2024-06-30,205.77,39.44,0.0302,0.2668
STOCK_18,2024-07-31,216.88,39.9,0.054,0.2782
STOCK_18,2024-08-31,211.18,37.85,-0.0263,0.2643
STOCK_18,2024-09-30,222.26,41.59,0.0524,0.2645
STOCK_18,2024-10-31,217.7,39.3,-0.0205,0.2662
STOCK_18,2024-11-30,231.23,34.34,0.0621,0.2615
STOCK_18,2024-12-31,221.53,34.21,-0.0419,0.2604
STOCK_19,2024-01-31,236.14,23.25,-0.0097,0.1229
STOCK_19,2024-02-29,252.19,23.32,0.068,0.1198
STOCK_19,2024-03-31,261.9,24.24,0.0385,0.1255
STOCK_19,2024-04-30,263.0,25.37,0.0042,0.1193
STOCK_19,2024-05-31,264.12,24.26,0.0043,0.1187
STOCK_19,2024-06-30,240.66,25.36,-0.0888,0.1219
STOCK_19,2024-07-31,227.11,24.4,-0.0563,0.1273
STOCK_19,2024-08-31,197.16,22.68,-0.1318,0.1197
STOCK_19,2024-09-30,215.43,24.86,0.0927,0.126
STOCK_19,2024-10-31,201.77,23.14,-0.0634,0.1248
STOCK_19,2024-11-30,203.49,25.19,0.0085,0.1225
STOCK_19,2024-12-31,207.9,24.71,0.0217,0.126
STOCK_20,2024-01-31,37.3,12.23,0.0651,0.2178
STOCK_20,2024-02-29,33.32,11.6,-0.1066,0.2309
STOCK_20,2024-03-31,37.08,11.84,0.1129,0.2221
STOCK_20,2024-04-30,35.28,11.55,-0.0486,0.2226
STOCK_20,2024-05-31,33.31,12.72,-0.0559,0.2367
STOCK_20,2024-06-30,35.74,11.01,0.0732,0.2304
STOCK_20,2024-07-31,37.29,11.8,0.0434,0.2331
STOCK_20,2024-08-31,38.9,11.97,0.0431,0.2289
STOCK_20,2024-09-30,39.89,10.51,0.0254,0.2252
STOCK_20,2024-10-31,38.76,10.8,-0.0284,0.236
STOCK_20,2024-11-30,42.98,12.32,0.1087,0.2264
STOCK_20,2024-12-31,46.67,11.55,0.086,0.226
STOCK_21,2024-01-31,326.88,13.5,-0.0732,0.187
STOCK_21,2024-02-29,363.77,14.14,0.1129,0.1875
STOCK_21,2024-03-31,371.02,13.56,0.0199,0.1863
STOCK_21,2024-04-30,348.78,13.43,-0.0599,0.1832
STOCK_21,2024-05-31,324.36,13.88,-0.07,0.1896
STOCK_21,2024-06-30,291.21,13.45,-0.1022,0.193
STOCK_21,2024-07-31,311.17,14.23,0.0686,0.1876
STOCK_21,2024-08-31,296.95,12.8,-0.0457,0.1893
STOCK_21,2024-09-30,305.19,14.41,0.0278,0.1936
STOCK_21,2024-10-31,304.3,12.69,-0.0029,0.1856
STOCK_21,2024-11-30,309.79,13.4,0.018,0.1842
STOCK_21,2024-12-31,316.04,13.19,0.0202,0.1839
STOCK_22,2024-01-31,456.6,19.46,0.0214,0.2417
STOCK_22,2024-02-29,498.27,19.44,0.0913,0.2297
STOCK_22,2024-03-31,445.1,20.67,-0.1067,0.2455
STOCK_22,2024-04-30,444.18,21.89,-0.0021,0.2256
STOCK_22,2024-05-31,456.96,22.25,0.0288,0.237
STOCK_22,2024-06-30,448.83,19.86,-0.0178,0.2387
STOCK_22,2024-07-31,442.29,22.11,-0.0146,0.2588
STOCK_22,2024-08-31,435.58,22.61,-0.0152,0.2455
STOCK_22,2024-09-30,483.59,20.54,0.1102,0.2462
STOCK_22,2024-10-31,496.62,23.92,0.0269,0.2515
STOCK_22,2024-11-30,478.02,21.64,-0.0374,0.2426
STOCK_22,2024-12-31,466.37,21.58,-0.0244,0.2455
STOCK_23,2024-01-31,215.55,11.01,0.0305,0.0752
STOCK_23,2024-02-29,203.93,11.32,-0.0539,0.0736
STOCK_23,2024-03-31,205.98,11.77,0.01,0.0756
STOCK_23,2024-04-30,190.42,11.95,-0.0755,0.0725
STOCK_23,2024-05-31,190.84,12.37,0.0022,0.0715
STOCK_23,2024-06-30,200.08,12.23,0.0485,0.0696
STOCK_23,2024-07-31,177.57,12.19,-0.1125,0.0733
STOCK_23,2024-08-31,177.36,12.18,-0.0012,0.0742
STOCK_23,2024-09-30,188.33,11.52,0.0619,0.0712
STOCK_23,2024-10-31,176.92,12.37,-0.0606,0.0765
STOCK_23,2024-11-30,173.22,10.67,-0.0209,0.07
STOCK_23,2024-12-31,165.43,11.86,-0.045,0.0728
STOCK_24,2024-01-31,136.53,12.56,-0.0356,0.3055
STOCK_24,2024-02-29,124.63,13.39,-0.0871,0.3021
STOCK_24,2024-03-31,124.15,14.17,-0.0038,0.2955
STOCK_24,2024-04-30,140.12,12.98,0.1286,0.2896
STOCK_24,2024-05-31,141.41,12.42,0.0092,0.2943
STOCK_24,2024-06-30,145.48,13.49,0.0288,0.2955
STOCK_24,2024-07-31,154.83,13.89,0.0642,0.3141
STOCK_24,2024-08-31,160.52,14.03,0.0368,0.2841
STOCK_24,2024-09-30,158.26,12.56,-0.0141,0.3022
STOCK_24,2024-10-31,153.63,13.02,-0.0293,0.3181
STOCK_24,2024-11-30,152.83,13.4,-0.0052,0.299
STOCK_24,2024-12-31,154.29,13.13,0.0095,0.3052
STOCK_25,2024-01-31,261.52,36.29,0.0404,0.0738
STOCK_25,2024-02-29,277.59,40.17,0.0614,0.0745
STOCK_25,2024-03-31,293.74,39.45,0.0582,0.0766
STOCK_25,2024-04-30,300.3,37.82,0.0224,0.0747
STOCK_25,2024-05-31,249.0,39.24,-0.1708,0.0659
STOCK_25,2024-06-30,224.5,39.37,-0.0984,0.075
STOCK_25,2024-07-31,209.96,37.13,-0.0647,0.077
STOCK_25,2024-08-31,204.92,42.82,-0.024,0.074
STOCK_25,2024-09-30,210.96,41.62,0.0295,0.0743
STOCK_25,2024-10-31,199.32,38.29,-0.0551,0.0739
STOCK_25,2024-11-30,184.0,38.01,-0.0769,0.0723
STOCK_25,2024-12-31,195.12,38.57,0.0605,0.0734
STOCK_26,2024-01-31,305.71,19.5,-0.055,0.335
STOCK_26,2024-02-29,299.67,19.12,-0.0197,0.3285
STOCK_26,2024-03-31,309.5,19.0,0.0328,0.3264
STOCK_26,2024-04-30,324.71,20.96,0.0491,0.3304
STOCK_26,2024-05-31,298.98,20.91,-0.0793,0.3213
STOCK_26,2024-06-30,291.81,21.47,-0.024,0.3386
STOCK_26,2024-07-31,324.69,21.93,0.1127,0.3231
STOCK_26,2024-08-31,333.18,21.36,0.0262,0.3254
STOCK_26,2024-09-30,337.46,21.42,0.0128,0.3236
STOCK_26,2024-10-31,324.38,20.15,-0.0388,0.3304
STOCK_26,2024-11-30,326.06,20.92,0.0052,0.3307
STOCK_26,2024-12-31,320.36,21.35,-0.0175,0.3279
STOCK_27,2024-01-31,160.07,13.58,-0.0943,0.2683
STOCK_27,2024-02-29,161.38,14.13,0.0081,0.274
STOCK_27,2024-03-31,168.18,14.57,0.0422,0.2794
STOCK_27,2024-04-30,173.16,14.77,0.0296,0.2593
STOCK_27,2024-05-31,170.24,12.77,-0.0169,0.2771
STOCK_27,2024-06-30,171.04,15.08,0.0047,0.2867
STOCK_27,2024-07-31,173.98,13.97,0.0172,0.2808
STOCK_27,2024-08-31,169.34,14.33,-0.0267,0.285
STOCK_27,2024-09-30,164.52,14.91,-0.0285,0.2824
STOCK_27,2024-10-31,155.92,15.03,-0.0523,0.2826
STOCK_27,2024-11-30,157.65,13.78,0.0111,0.2697
STOCK_27,2024-12-31,153.35,14.72,-0.0273,0.2689
STOCK_28,2024-01-31,495.21,35.73,0.0116,0.2611
STOCK_28,2024-02-29,541.42,32.08,0.0933,0.2757
STOCK_28,2024-03-31,547.97,32.55,0.0121,0.2711
STOCK_28,2024-04-30,598.52,31.11,0.0922,0.2816
STOCK_28,2024-05-31,578.37,31.74,-0.0337,0.2636
STOCK_28,2024-06-30,597.05,34.14,0.0323,0.2717
STOCK_28,2024-07-31,592.98,30.07,-0.0068,0.2705
STOCK_28,2024-08-31,539.28,30.39,-0.0906,0.2742
STOCK_28,2024-09-30,584.65,36.31,0.0841,0.2675
STOCK_28,2024-10-31,637.93,32.23,0.0911,0.2711
STOCK_28,2024-11-30,657.67,31.94,0.031,0.2732
STOCK_28,2024-12-31,644.85,29.61,-0.0195,0.2597
STOCK_29,2024-01-31,105.23,22.41,0.0055,0.2033
STOCK_29,2024-02-29,101.61,22.87,-0.0344,0.2118
STOCK_29,2024-03-31,105.13,22.6,0.0347,0.2098
STOCK_29,2024-04-30,112.79,22.21,0.0728,0.2059
STOCK_29,2024-05-31,116.87,20.37,0.0362,0.2065
STOCK_29,2024-06-30,107.95,20.7,-0.0763,0.2101
STOCK_29,2024-07-31,113.93,23.15,0.0554,0.2006
STOCK_29,2024-08-31,106.62,21.29,-0.0641,0.2028
STOCK_29,2024-09-30,107.66,22.77,0.0097,0.2
STOCK_29,2024-10-31,110.47,20.49,0.0261,0.205
STOCK_29,2024-11-30,111.05,20.74,0.0052,0.2008
STOCK_29,2024-12-31,110.37,21.26,-0.0061,0.213
STOCK_30,2024-01-31,95.74,12.53,-0.0487,0.2978
STOCK_30,2024-02-29,104.16,12.59,0.0879,0.3158
STOCK_30,2024-03-31,105.07,12.72,0.0087,0.3033
STOCK_30,2024-04-30,105.62,13.79,0.0052,0.2829
STOCK_30,2024-05-31,93.46,12.35,-0.1151,0.3042
STOCK_30,2024-06-30,97.8,13.0,0.0464,0.3006
STOCK_30,2024-07-31,104.27,13.35,0.0661,0.3057
STOCK_30,2024-08-31,110.81,12.87,0.0628,0.2989
STOCK_30,2024-09-30,116.0,12.77,0.0469,0.3041
STOCK_30,2024-10-31,126.84,11.14,0.0934,0.2911
STOCK_30,2024-11-30,118.44,12.47,-0.0662,0.3017
STOCK_30,2024-12-31,108.32,12.07,-0.0854,0.2962
STOCK_31,2024-01-31,410.68,28.97,-0.0168,0.0271
STOCK_31,2024-02-29,409.85,29.2,-0.002,0.0287
STOCK_31,2024-03-31,372.55,29.57,-0.091,0.0289
STOCK_31,2024-04-30,382.6,31.38,0.027,0.0276
STOCK_31,2024-05-31,404.13,29.51,0.0563,0.0293
STOCK_31,2024-06-30,405.9,28.62,0.0044,0.0285
STOCK_31,2024-07-31,416.82,31.68,0.0269,0.0286
STOCK_31,2024-08-31,457.22,32.29,0.0969,0.0285
STOCK_31,2024-09-30,480.08,33.71,0.05,0.0305
STOCK_31,2024-10-31,447.11,29.31,-0.0687,0.0301
STOCK_31,2024-11-30,420.95,28.7,-0.0585,0.0284
STOCK_31,2024-12-31,433.67,30.58,0.0302,0.0282
STOCK_32,2024-01-31,198.45,19.84,0.1419,0.0393
STOCK_32,2024-02-29,193.62,19.36,-0.0243,0.0374
STOCK_32,2024-03-31,163.78,18.2,-0.1541,0.0362
STOCK_32,2024-04-30,142.49,18.38,-0.13,0.0398
STOCK_32,2024-05-31,142.83,20.81,0.0023,0.0387
STOCK_32,2024-06-30,150.25,18.66,0.052,0.0388
STOCK_32,2024-07-31,157.57,18.98,0.0487,0.0389
STOCK_32,2024-08-31,163.71,19.01,0.039,0.037
STOCK_32,2024-09-30,152.89,19.63,-0.066,0.0386
STOCK_32,2024-10-31,146.39,19.57,-0.0426,0.0389
STOCK_32,2024-11-30,152.55,21.06,0.0421,0.0397
STOCK_32,2024-12-31,144.15,21.19,-0.0551,0.0376
STOCK_33,2024-01-31,203.63,28.02,-0.1035,0.3106
STOCK_33,2024-02-29,216.47,30.4,0.063,0.318
STOCK_33,2024-03-31,221.47,27.24,0.0231,0.3197
STOCK_33,2024-04-30,232.87,28.21,0.0515,0.3428
STOCK_33,2024-05-31,227.3,29.67,-0.0239,0.3268
STOCK_33,2024-06-30,239.29,27.63,0.0527,0.3253
STOCK_33,2024-07-31,238.82,27.08,-0.0019,0.3323
STOCK_33,2024-08-31,249.34,29.1,0.044,0.3409
STOCK_33,2024-09-30,272.26,27.73,0.092,0.3295
STOCK_33,2024-10-31,263.44,28.29,-0.0324,0.32
STOCK_33,2024-11-30,290.36,28.77,0.1022,0.3237
STOCK_33,2024-12-31,312.61,25.19,0.0766,0.3061
STOCK_34,2024-01-31,225.4,8.17,-0.0746,0.2964
STOCK_34,2024-02-29,237.67,8.24,0.0545,0.2759
STOCK_34,2024-03-31,233.23,7.3,-0.0187,0.2818
STOCK_34,2024-04-30,246.23,7.53,0.0557,0.274
STOCK_34,2024-05-31,230.36,7.78,-0.0644,0.28
STOCK_34,2024-06-30,202.7,8.43,-0.1201,0.2859
STOCK_34,2024-07-31,200.66,7.16,-0.0101,0.2712
STOCK_34,2024-08-31,216.51,7.04,0.079,0.2767
STOCK_34,2024-09-30,202.26,8.5,-0.0658,0.2739
STOCK_34,2024-10-31,208.18,8.41,0.0292,0.295
STOCK_34,2024-11-30,206.68,8.33,-0.0072,0.2671
STOCK_34,2024-12-31,222.48,7.86,0.0764,0.2749
STOCK_35,2024-01-31,213.49,28.21,0.063,0.0316
STOCK_35,2024-02-29,212.98,28.83,-0.0024,0.0314
STOCK_35,2024-03-31,200.31,29.02,-0.0595,0.0335
STOCK_35,2024-04-30,206.26,30.38,0.0297,0.0337
STOCK_35,2024-05-31,215.43,31.57,0.0445,0.033
STOCK_35,2024-06-30,206.2,28.39,-0.0429,0.0337
STOCK_35,2024-07-31,200.71,26.36,-0.0266,0.0355
STOCK_35,2024-08-31,205.65,26.78,0.0246,0.0341
STOCK_35,2024-09-30,205.33,27.45,-0.0015,0.0338
STOCK_35,2024-10-31,190.44,28.29,-0.0725,0.0351
STOCK_35,2024-11-30,196.72,27.28,0.033,0.0327
STOCK_35,2024-12-31,192.86,27.45,-0.0196,0.0329
STOCK_36,2024-01-31,49.4,39.74,-0.0178,0.1184
STOCK_36,2024-02-29,53.59,41.43,0.0847,0.126
STOCK_36,2024-03-31,48.98,40.62,-0.0859,0.124
STOCK_36,2024-04-30,44.51,38.95,-0.0913,0.1239
STOCK_36,2024-05-31,46.22,39.35,0.0384,0.1236
STOCK_36,2024-06-30,50.54,41.39,0.0934,0.112
STOCK_36,2024-07-31,49.83,38.68,-0.014,0.1161
STOCK_36,2024-08-31,50.36,41.44,0.0107,0.1185
STOCK_36,2024-09-30,51.63,37.21,0.0252,0.12
STOCK_36,2024-10-31,56.46,37.94,0.0936,0.1242
STOCK_36,2024-11-30,50.4,42.63,-0.1073,0.1247
STOCK_36,2024-12-31,50.1,40.12,-0.0059,0.1173
STOCK_37,2024-01-31,130.18,9.29,-0.0245,0.0722
STOCK_37,2024-02-29,132.83,9.88,0.0204,0.0707
STOCK_37,2024-03-31,137.59,9.37,0.0358,0.0754
STOCK_37,2024-04-30,125.33,10.18,-0.0891,0.0736
STOCK_37,2024-05-31,119.55,10.64,-0.0461,0.0728
STOCK_37,2024-06-30,127.11,9.59,0.0633,0.0702
STOCK_37,2024-07-31,126.15,9.76,-0.0076,0.0737
STOCK_37,2024-08-31,128.16,9.14,0.0159,0.0724
STOCK_37,2024-09-30,135.88,9.89,0.0603,0.0723
STOCK_37,2024-10-31,134.35,9.13,-0.0113,0.0688
STOCK_37,2024-11-30,121.84,9.69,-0.0931,0.0705
STOCK_37,2024-12-31,119.23,8.16,-0.0214,0.068
STOCK_38,2024-01-31,229.85,23.04,-0.0784,0.0419
STOCK_38,2024-02-29,235.0,24.0,0.0224,0.044
STOCK_38,2024-03-31,231.85,20.86,-0.0134,0.0416
STOCK_38,2024-04-30,240.1,21.38,0.0356,0.0416
STOCK_38,2024-05-31,262.44,21.37,0.093,0.045
STOCK_38,2024-06-30,265.18,23.42,0.0104,0.0425
STOCK_38,2024-07-31,281.83,20.72,0.0628,0.041
STOCK_38,2024-08-31,291.01,22.56,0.0326,0.0421
STOCK_38,2024-09-30,270.01,20.03,-0.0722,0.0403
STOCK_38,2024-10-31,242.72,21.61,-0.1011,0.0435
STOCK_38,2024-11-30,243.74,19.07,0.0042,0.0418
STOCK_38,2024-12-31,242.58,23.75,-0.0048,0.0402
STOCK_39,2024-01-31,97.77,14.41,0.0388,0.1173
STOCK_39,2024-02-29,102.83,13.75,0.0517,0.1192
STOCK_39,2024-03-31,94.87,14.56,-0.0774,0.1168
STOCK_39,2024-04-30,91.84,14.31,-0.032,0.114
STOCK_39,2024-05-31,86.39,14.07,-0.0593,0.1123
STOCK_39,2024-06-30,88.49,13.5,0.0244,0.1186
STOCK_39,2024-07-31,82.66,13.92,-0.0659,0.114
STOCK_39,2024-08-31,89.65,14.56,0.0845,0.1154
STOCK_39,2024-09-30,92.78,12.82,0.0349,0.116
STOCK_39,2024-10-31,104.36,14.42,0.1249,0.1164
STOCK_39,2024-11-30,108.32,14.97,0.0379,0.1092
STOCK_39,2024-12-31,97.93,14.48,-0.0959,0.1136
STOCK_40,2024-01-31,240.6,24.65,-0.0711,0.304
STOCK_40,2024-02-29,239.08,27.97,-0.0063,0.3161
STOCK_40,2024-03-31,257.47,28.33,0.0769,0.2866
STOCK_40,2024-04-30,268.29,29.37,0.042,0.309
STOCK_40,2024-05-31,285.43,26.91,0.0639,0.3246
STOCK_40,2024-06-30,270.43,29.65,-0.0526,0.2907
STOCK_40,2024-07-31,256.69,30.74,-0.0508,0.3038
STOCK_40,2024-08-31,270.91,28.91,0.0554,0.3052
STOCK_40,2024-09-30,294.43,28.24,0.0868,0.2898
STOCK_40,2024-10-31,281.71,29.36,-0.0432,0.3098
STOCK_40,2024-11-30,256.63,27.54,-0.089,0.3008
STOCK_40,2024-12-31,252.29,26.61,-0.0169,0.3004
STOCK_41,2024-01-31,111.7,13.35,-0.0037,0.2892
STOCK_41,2024-02-29,106.79,12.83,-0.044,0.2798
STOCK_41,2024-03-31,103.25,12.82,-0.0331,0.2894
STOCK_41,2024-04-30,108.29,12.53,0.0488,0.2882
STOCK_41,2024-05-31,107.4,13.85,-0.0082,0.2878
STOCK_41,2024-06-30,98.57,12.76,-0.0822,0.2882
STOCK_41,2024-07-31,105.15,12.11,0.0667,0.2909
STOCK_41,2024-08-31,113.18,13.51,0.0764,0.2927
STOCK_41,2024-09-30,108.97,13.53,-0.0372,0.274
STOCK_41,2024-10-31,94.19,14.26,-0.1357,0.2794
STOCK_41,2024-11-30,92.09,12.67,-0.0223,0.2758
STOCK_41,2024-12-31,91.59,13.12,-0.0054,0.2912
STOCK_42,2024-01-31,239.38,19.79,0.0997,0.3242
STOCK_42,2024-02-29,256.85,22.23,0.073,0.3109
STOCK_42,2024-03-31,253.32,22.33,-0.0137,0.3297
STOCK_42,2024-04-30,257.55,20.68,0.0167,0.321
STOCK_42,2024-05-31,263.29,20.64,0.0223,0.3243
STOCK_42,2024-06-30,265.85,20.2,0.0097,0.3299
STOCK_42,2024-07-31,313.67,19.05,0.1799,0.3279
STOCK_42,2024-08-31,300.93,21.51,-0.0406,0.3252
STOCK_42,2024-09-30,316.19,22.14,0.0507,0.3266
STOCK_42,2024-10-31,339.24,18.46,0.0729,0.3402
STOCK_42,2024-11-30,348.58,22.03,0.0275,0.3128
STOCK_42,2024-12-31,332.94,21.06,-0.0448,0.3245
STOCK_43,2024-01-31,419.84,38.05,0.0634,0.2588
STOCK_43,2024-02-29,384.89,38.99,-0.0833,0.2415
STOCK_43,2024-03-31,401.78,35.19,0.0439,0.2608
STOCK_43,2024-04-30,400.92,40.26,-0.0022,0.259
STOCK_43,2024-05-31,386.23,37.07,-0.0366,0.2703
STOCK_43,2024-06-30,400.59,37.3,0.0372,0.2585
STOCK_43,2024-07-31,364.92,38.77,-0.089,0.2466
STOCK_43,2024-08-31,383.21,38.28,0.0501,0.279
STOCK_43,2024-09-30,359.83,37.84,-0.061,0.2744
STOCK_43,2024-10-31,387.35,36.71,0.0765,0.2621
STOCK_43,2024-11-30,389.33,38.57,0.0051,0.2549
STOCK_43,2024-12-31,389.19,34.99,-0.0004,0.2614
STOCK_44,2024-01-31,175.22,33.24,0.0643,0.1283
STOCK_44,2024-02-29,173.15,30.2,-0.0118,0.1271
STOCK_44,2024-03-31,168.43,34.65,-0.0273,0.1286
STOCK_44,2024-04-30,175.74,31.77,0.0434,0.1321
STOCK_44,2024-05-31,175.13,34.07,-0.0035,0.1291
STOCK_44,2024-06-30,159.48,30.39,-0.0894,0.1291
STOCK_44,2024-07-31,148.32,33.32,-0.0699,0.1293
STOCK_44,2024-08-31,170.2,29.81,0.1475,0.132
STOCK_44,2024-09-30,159.53,31.84,-0.0627,0.1317
STOCK_44,2024-10-31,138.07,33.03,-0.1345,0.1387
STOCK_44,2024-11-30,135.0,33.07,-0.0222,0.1352
STOCK_44,2024-12-31,134.35,31.7,-0.0048,0.1222
STOCK_45,2024-01-31,301.48,12.15,0.0126,0.3355
STOCK_45,2024-02-29,313.96,11.68,0.0414,0.3516
STOCK_45,2024-03-31,289.2,12.1,-0.0789,0.3605
STOCK_45,2024-04-30,310.21,12.57,0.0726,0.3313
STOCK_45,2024-05-31,301.91,12.56,-0.0268,0.3413
STOCK_45,2024-06-30,301.77,12.49,-0.0005,0.3387
STOCK_45,2024-07-31,277.17,12.19,-0.0815,0.3502
STOCK_45,2024-08-31,255.8,12.39,-0.0771,0.3325
STOCK_45,2024-09-30,258.79,12.27,0.0117,0.356
STOCK_45,2024-10-31,267.95,11.69,0.0354,0.3477
STOCK_45,2024-11-30,256.83,12.15,-0.0415,0.3441
STOCK_45,2024-12-31,250.54,13.07,-0.0245,0.333
STOCK_46,2024-01-31,489.11,17.99,0.071,0.2184
STOCK_46,2024-02-29,558.1,16.54,0.1411,0.2082
STOCK_46,2024-03-31,521.5,16.76,-0.0656,0.2038
STOCK_46,2024-04-30,491.03,16.52,-0.0584,0.2068
STOCK_46,2024-05-31,457.64,18.17,-0.068,0.202
STOCK_46,2024-06-30,537.07,17.05,0.1736,0.2082
STOCK_46,2024-07-31,498.02,18.93,-0.0727,0.2147
STOCK_46,2024-08-31,509.38,16.27,0.0228,0.209
STOCK_46,2024-09-30,477.65,18.72,-0.0623,0.2128
STOCK_46,2024-10-31,482.78,15.32,0.0107,0.2016
STOCK_46,2024-11-30,505.11,18.5,0.0463,0.2146
STOCK_46,2024-12-31,459.39,17.7,-0.0905,0.214
STOCK_47,2024-01-31,64.83,7.28,-0.013,0.161
STOCK_47,2024-02-29,63.88,7.96,-0.0146,0.1598
STOCK_47,2024-03-31,62.51,8.0,-0.0216,0.1647
STOCK_47,2024-04-30,61.68,7.85,-0.0133,0.163
STOCK_47,2024-05-31,54.88,8.21,-0.1103,0.1625
STOCK_47,2024-06-30,55.28,8.4,0.0074,0.153
STOCK_47,2024-07-31,49.01,8.13,-0.1134,0.1625
STOCK_47,2024-08-31,49.76,7.83,0.0152,0.1658
STOCK_47,2024-09-30,52.79,8.21,0.061,0.1613
STOCK_47,2024-10-31,46.38,8.33,-0.1215,0.1685
STOCK_47,2024-11-30,48.4,7.67,0.0437,0.1658
STOCK_47,2024-12-31,51.14,8.64,0.0566,0.1583
STOCK_48,2024-01-31,426.71,34.25,-0.062,0.1107
STOCK_48,2024-02-29,431.09,33.92,0.0103,0.108
STOCK_48,2024-03-31,471.49,32.04,0.0937,0.1069
STOCK_48,2024-04-30,474.15,35.02,0.0057,0.1039
STOCK_48,2024-05-31,439.25,30.13,-0.0736,0.1089
STOCK_48,2024-06-30,411.97,32.91,-0.0621,0.111
STOCK_48,2024-07-31,398.17,33.94,-0.0335,0.1078
STOCK_48,2024-08-31,416.22,34.35,0.0453,0.1066
STOCK_48,2024-09-30,414.09,35.3,-0.0051,0.1101
STOCK_48,2024-10-31,381.45,34.65,-0.0788,0.1053
STOCK_48,2024-11-30,415.69,35.27,0.0898,0.1098
STOCK_48,2024-12-31,421.69,33.2,0.0144,0.111
STOCK_49,2024-01-31,275.61,12.41,-0.0287,0.0838
STOCK_49,2024-02-29,259.39,11.63,-0.0589,0.0888
STOCK_49,2024-03-31,288.84,13.71,0.1135,0.0827
STOCK_49,2024-04-30,302.84,13.71,0.0485,0.0857
STOCK_49,2024-05-31,306.2,11.52,0.0111,0.0876
STOCK_49,2024-06-30,288.19,12.93,-0.0588,0.0828
STOCK_49,2024-07-31,299.02,13.46,0.0376,0.0849
STOCK_49,2024-08-31,280.12,11.42,-0.0632,0.0862
STOCK_49,2024-09-30,271.74,11.81,-0.0299,0.0881
STOCK_49,2024-10-31,265.76,12.11,-0.022,0.0855
STOCK_49,2024-11-30,284.18,13.19,0.0693,0.0866
STOCK_49,2024-12-31,296.15,12.06,0.0421,0.087
STOCK_50,2024-01-31,370.09,40.04,-0.0418,0.3242
STOCK_50,2024-02-29,307.17,41.37,-0.17,0.2898
STOCK_50,2024-03-31,297.35,41.05,-0.032,0.3159
STOCK_50,2024-04-30,272.68,36.91,-0.083,0.3288
STOCK_50,2024-05-31,242.6,41.25,-0.1103,0.3184
STOCK_50,2024-06-30,226.46,37.91,-0.0665,0.3092
STOCK_50,2024-07-31,239.36,40.48,0.057,0.3025
STOCK_50,2024-08-31,234.76,37.36,-0.0192,0.3313
STOCK_50,2024-09-30,216.92,42.18,-0.076,0.3186
STOCK_50,2024-10-31,202.88,37.72,-0.0647,0.3113
STOCK_50,2024-11-30,188.38,39.23,-0.0715,0.3072
STOCK_50,2024-12-31,164.68,38.31,-0.1258,0.3017
